,fecha,delito,conteo
0,2015-01-01,Corrupción de menores,104.0
1,2015-01-01,Extorsión,5.0
2,2015-01-01,Feminicidio,5.0
3,2015-01-01,Homicidio culposo,121.0
4,2015-01-01,Homicidio doloso,51.0
5,2015-01-01,Lesiones culposas,459.0
6,2015-01-01,Lesiones dolosas,784.0
7,2015-01-01,Otros delitos contra la sociedad,3.0
8,2015-01-01,Otros delitos que atentan contra la libertad personal,228.0
9,2015-01-01,Otros delitos que atentan contra la vida y la integridad corporal,49.0
10,2015-01-01,Rapto,13.0
11,2015-01-01,Secuestro,11.0
12,2015-01-01,Tráfico de menores,6.0
13,2015-01-01,Trata de personas,14.0
14,2016-01-01,Corrupción de menores,111.0
15,2016-01-01,Extorsión,5.0
16,2016-01-01,Feminicidio,6.0
17,2016-01-01,Homicidio culposo,127.0
18,2016-01-01,Homicidio doloso,77.0
19,2016-01-01,Lesiones culposas,345.0
20,2016-01-01,Lesiones dolosas,545.0
21,2016-01-01,Otros delitos contra la sociedad,5.0
22,2016-01-01,Otros delitos que atentan contra la libertad personal,265.0
23,2016-01-01,Otros delitos que atentan contra la vida y la integridad corporal,40.0
24,2016-01-01,Rapto,13.0
25,2016-01-01,Secuestro,8.0
26,2016-01-01,Tráfico de menores,2.0
27,2016-01-01,Trata de personas,12.0
28,2017-01-01,Corrupción de menores,97.0
29,2017-01-01,Extorsión,6.0
30,2017-01-01,Feminicidio,3.0
31,2017-01-01,Homicidio culposo,143.0
32,2017-01-01,Homicidio doloso,76.0
33,2017-01-01,Lesiones culposas,274.0
34,2017-01-01,Lesiones dolosas,840.0
35,2017-01-01,Otros delitos contra la sociedad,84.0
36,2017-01-01,Otros delitos que atentan contra la libertad personal,320.0
37,2017-01-01,Otros delitos que atentan contra la vida y la integridad corporal,67.0
38,2017-01-01,Rapto,15.0
39,2017-01-01,Secuestro,12.0
40,2017-01-01,Tráfico de menores,34.0
41,2017-01-01,Trata de personas,15.0
42,2018-01-01,Corrupción de menores,102.0
43,2018-01-01,Extorsión,5.0
44,2018-01-01,Feminicidio,5.0
45,2018-01-01,Homicidio culposo,135.0
46,2018-01-01,Homicidio doloso,114.0
47,2018-01-01,Lesiones culposas,290.0
48,2018-01-01,Lesiones dolosas,678.0
49,2018-01-01,Otros delitos contra la sociedad,43.0
50,2018-01-01,Otros delitos que atentan contra la libertad personal,385.0
51,2018-01-01,Otros delitos que atentan contra la vida y la integridad corporal,83.0
52,2018-01-01,Rapto,13.0
53,2018-01-01,Secuestro,10.0
54,2018-01-01,Tráfico de menores,1.0
55,2018-01-01,Trata de personas,10.0
56,2019-01-01,Corrupción de menores,113.0
57,2019-01-01,Extorsión,6.0
58,2019-01-01,Feminicidio,8.0
59,2019-01-01,Homicidio culposo,117.0
60,2019-01-01,Homicidio doloso,102.0
61,2019-01-01,Lesiones culposas,304.0
62,2019-01-01,Lesiones dolosas,753.0
63,2019-01-01,Otros delitos contra la sociedad,59.0
64,2019-01-01,Otros delitos que atentan contra la libertad personal,423.0
65,2019-01-01,Otros delitos que atentan contra la vida y la integridad corporal,93.0
66,2019-01-01,Rapto,4.0
67,2019-01-01,Secuestro,21.0
68,2019-01-01,Tráfico de menores,1.0
69,2019-01-01,Trata de personas,14.0
70,2020-01-01,Corrupción de menores,134.0
71,2020-01-01,Extorsión,11.0
72,2020-01-01,Feminicidio,14.0
73,2020-01-01,Homicidio culposo,101.0
74,2020-01-01,Homicidio doloso,102.0
75,2020-01-01,Lesiones culposas,303.0
76,2020-01-01,Lesiones dolosas,679.0
77,2020-01-01,Otros delitos contra la sociedad,76.0
78,2020-01-01,Otros delitos que atentan contra la libertad personal,514.0
79,2020-01-01,Otros delitos que atentan contra la vida y la integridad corporal,139.0
80,2020-01-01,Rapto,12.0
81,2020-01-01,Secuestro,9.0
82,2020-01-01,Tráfico de menores,2.0
83,2020-01-01,Trata de personas,16.0
84,2021-01-01,Corrupción de menores,113.0
85,2021-01-01,Extorsión,17.0
86,2021-01-01,Feminicidio,3.0
87,2021-01-01,Homicidio culposo,109.0
88,2021-01-01,Homicidio doloso,81.0
89,2021-01-01,Lesiones culposas,303.0
90,2021-01-01,Lesiones dolosas,613.0
91,2021-01-01,Otros delitos contra la sociedad,20.0
92,2021-01-01,Otros delitos que atentan contra la libertad personal,427.0
93,2021-01-01,Otros delitos que atentan contra la vida y la integridad corporal,130.0
94,2021-01-01,Rapto,5.0
95,2021-01-01,Secuestro,2.0
96,2021-01-01,Tráfico de menores,4.0
97,2021-01-01,Trata de personas,16.0
98,2022-01-01,Corrupción de menores,145.0
99,2022-01-01,Extorsión,11.0
100,2022-01-01,Feminicidio,6.0
101,2022-01-01,Homicidio culposo,121.0
102,2022-01-01,Homicidio doloso,88.0
103,2022-01-01,Lesiones culposas,387.0
104,2022-01-01,Lesiones dolosas,714.0
105,2022-01-01,Otros delitos contra la sociedad,8.0
106,2022-01-01,Otros delitos que atentan contra la libertad personal,523.0
107,2022-01-01,Otros delitos que atentan contra la vida y la integridad corporal,130.0
108,2022-01-01,Rapto,4.0
109,2022-01-01,Secuestro,6.0
110,2022-01-01,Tráfico de menores,0.0
111,2022-01-01,Trata de personas,17.0
112,2023-01-01,Corrupción de menores,145.0
113,2023-01-01,Extorsión,21.0
114,2023-01-01,Feminicidio,7.0
115,2023-01-01,Homicidio culposo,115.0
116,2023-01-01,Homicidio doloso,79.0
117,2023-01-01,Lesiones culposas,554.0
118,2023-01-01,Lesiones dolosas,895.0
119,2023-01-01,Otros delitos contra la sociedad,16.0
120,2023-01-01,Otros delitos que atentan contra la libertad personal,792.0
121,2023-01-01,Otros delitos que atentan contra la vida y la integridad corporal,172.0
122,2023-01-01,Rapto,2.0
123,2023-01-01,Secuestro,2.0
124,2023-01-01,Tráfico de menores,0.0
125,2023-01-01,Trata de personas,40.0
126,2024-01-01,Corrupción de menores,144.0
127,2024-01-01,Extorsión,28.0
128,2024-01-01,Feminicidio,7.0
129,2024-01-01,Homicidio culposo,89.0
130,2024-01-01,Homicidio doloso,74.0
131,2024-01-01,Lesiones culposas,514.0
132,2024-01-01,Lesiones dolosas,927.0
133,2024-01-01,Otros delitos contra la sociedad,24.0
134,2024-01-01,Otros delitos que atentan contra la libertad personal,740.0
135,2024-01-01,Otros delitos que atentan contra la vida y la integridad corporal,163.0
136,2024-01-01,Rapto,12.0
137,2024-01-01,Secuestro,6.0
138,2024-01-01,Tráfico de menores,0.0
139,2024-01-01,Trata de personas,33.0
140,2025-01-01,Corrupción de menores,204.0
141,2025-01-01,Extorsión,21.0
142,2025-01-01,Feminicidio,6.0
143,2025-01-01,Homicidio culposo,122.0
144,2025-01-01,Homicidio doloso,68.0
145,2025-01-01,Lesiones culposas,509.0
146,2025-01-01,Lesiones dolosas,869.0
147,2025-01-01,Otros delitos contra la sociedad,20.0
148,2025-01-01,Otros delitos que atentan contra la libertad personal,640.0
149,2025-01-01,Otros delitos que atentan contra la vida y la integridad corporal,157.0
150,2025-01-01,Rapto,6.0
151,2025-01-01,Secuestro,3.0
152,2025-01-01,Tráfico de menores,0.0
153,2025-01-01,Trata de personas,22.0
154,2015-02-01,Corrupción de menores,109.0
155,2015-02-01,Extorsión,12.0
156,2015-02-01,Feminicidio,6.0
157,2015-02-01,Homicidio culposo,143.0
158,2015-02-01,Homicidio doloso,72.0
159,2015-02-01,Lesiones culposas,454.0
160,2015-02-01,Lesiones dolosas,794.0
161,2015-02-01,Otros delitos contra la sociedad,4.0
162,2015-02-01,Otros delitos que atentan contra la libertad personal,205.0
163,2015-02-01,Otros delitos que atentan contra la vida y la integridad corporal,52.0
164,2015-02-01,Rapto,23.0
165,2015-02-01,Secuestro,14.0
166,2015-02-01,Tráfico de menores,8.0
167,2015-02-01,Trata de personas,11.0
168,2016-02-01,Corrupción de menores,120.0
169,2016-02-01,Extorsión,6.0
170,2016-02-01,Feminicidio,5.0
171,2016-02-01,Homicidio culposo,127.0
172,2016-02-01,Homicidio doloso,50.0
173,2016-02-01,Lesiones culposas,384.0
174,2016-02-01,Lesiones dolosas,689.0
175,2016-02-01,Otros delitos contra la sociedad,1.0
176,2016-02-01,Otros delitos que atentan contra la libertad personal,235.0
177,2016-02-01,Otros delitos que atentan contra la vida y la integridad corporal,61.0
178,2016-02-01,Rapto,18.0
179,2016-02-01,Secuestro,15.0
180,2016-02-01,Tráfico de menores,9.0
181,2016-02-01,Trata de personas,23.0
182,2017-02-01,Corrupción de menores,131.0
183,2017-02-01,Extorsión,8.0
184,2017-02-01,Feminicidio,8.0
185,2017-02-01,Homicidio culposo,137.0
186,2017-02-01,Homicidio doloso,78.0
187,2017-02-01,Lesiones culposas,294.0
188,2017-02-01,Lesiones dolosas,826.0
189,2017-02-01,Otros delitos contra la sociedad,29.0
190,2017-02-01,Otros delitos que atentan contra la libertad personal,201.0
191,2017-02-01,Otros delitos que atentan contra la vida y la integridad corporal,57.0
192,2017-02-01,Rapto,15.0
193,2017-02-01,Secuestro,15.0
194,2017-02-01,Tráfico de menores,16.0
195,2017-02-01,Trata de personas,5.0
196,2018-02-01,Corrupción de menores,109.0
197,2018-02-01,Extorsión,12.0
198,2018-02-01,Feminicidio,8.0
199,2018-02-01,Homicidio culposo,145.0
200,2018-02-01,Homicidio doloso,89.0
201,2018-02-01,Lesiones culposas,326.0
202,2018-02-01,Lesiones dolosas,779.0
203,2018-02-01,Otros delitos contra la sociedad,34.0
204,2018-02-01,Otros delitos que atentan contra la libertad personal,327.0
205,2018-02-01,Otros delitos que atentan contra la vida y la integridad corporal,87.0
206,2018-02-01,Rapto,7.0
207,2018-02-01,Secuestro,16.0
208,2018-02-01,Tráfico de menores,0.0
209,2018-02-01,Trata de personas,16.0
210,2019-02-01,Corrupción de menores,167.0
211,2019-02-01,Extorsión,10.0
212,2019-02-01,Feminicidio,12.0
213,2019-02-01,Homicidio culposo,104.0
214,2019-02-01,Homicidio doloso,100.0
215,2019-02-01,Lesiones culposas,304.0
216,2019-02-01,Lesiones dolosas,829.0
217,2019-02-01,Otros delitos contra la sociedad,51.0
218,2019-02-01,Otros delitos que atentan contra la libertad personal,546.0
219,2019-02-01,Otros delitos que atentan contra la vida y la integridad corporal,106.0
220,2019-02-01,Rapto,3.0
221,2019-02-01,Secuestro,44.0
222,2019-02-01,Tráfico de menores,0.0
223,2019-02-01,Trata de personas,17.0
224,2020-02-01,Corrupción de menores,184.0
225,2020-02-01,Extorsión,50.0
226,2020-02-01,Feminicidio,12.0
227,2020-02-01,Homicidio culposo,108.0
228,2020-02-01,Homicidio doloso,98.0
229,2020-02-01,Lesiones culposas,445.0
230,2020-02-01,Lesiones dolosas,951.0
231,2020-02-01,Otros delitos contra la sociedad,23.0
232,2020-02-01,Otros delitos que atentan contra la libertad personal,500.0
233,2020-02-01,Otros delitos que atentan contra la vida y la integridad corporal,176.0
234,2020-02-01,Rapto,11.0
235,2020-02-01,Secuestro,13.0
236,2020-02-01,Tráfico de menores,1.0
237,2020-02-01,Trata de personas,11.0
238,2021-02-01,Corrupción de menores,147.0
239,2021-02-01,Extorsión,13.0
240,2021-02-01,Feminicidio,5.0
241,2021-02-01,Homicidio culposo,120.0
242,2021-02-01,Homicidio doloso,79.0
243,2021-02-01,Lesiones culposas,297.0
244,2021-02-01,Lesiones dolosas,641.0
245,2021-02-01,Otros delitos contra la sociedad,25.0
246,2021-02-01,Otros delitos que atentan contra la libertad personal,443.0
247,2021-02-01,Otros delitos que atentan contra la vida y la integridad corporal,99.0
248,2021-02-01,Rapto,11.0
249,2021-02-01,Secuestro,6.0
250,2021-02-01,Tráfico de menores,0.0
251,2021-02-01,Trata de personas,27.0
252,2022-02-01,Corrupción de menores,174.0
253,2022-02-01,Extorsión,13.0
254,2022-02-01,Feminicidio,14.0
255,2022-02-01,Homicidio culposo,91.0
256,2022-02-01,Homicidio doloso,84.0
257,2022-02-01,Lesiones culposas,482.0
258,2022-02-01,Lesiones dolosas,711.0
259,2022-02-01,Otros delitos contra la sociedad,21.0
260,2022-02-01,Otros delitos que atentan contra la libertad personal,408.0
261,2022-02-01,Otros delitos que atentan contra la vida y la integridad corporal,128.0
262,2022-02-01,Rapto,9.0
263,2022-02-01,Secuestro,10.0
264,2022-02-01,Tráfico de menores,0.0
265,2022-02-01,Trata de personas,32.0
266,2023-02-01,Corrupción de menores,169.0
267,2023-02-01,Extorsión,40.0
268,2023-02-01,Feminicidio,9.0
269,2023-02-01,Homicidio culposo,115.0
270,2023-02-01,Homicidio doloso,76.0
271,2023-02-01,Lesiones culposas,575.0
272,2023-02-01,Lesiones dolosas,1018.0
273,2023-02-01,Otros delitos contra la sociedad,18.0
274,2023-02-01,Otros delitos que atentan contra la libertad personal,666.0
275,2023-02-01,Otros delitos que atentan contra la vida y la integridad corporal,155.0
276,2023-02-01,Rapto,6.0
277,2023-02-01,Secuestro,18.0
278,2023-02-01,Tráfico de menores,0.0
279,2023-02-01,Trata de personas,19.0
280,2024-02-01,Corrupción de menores,189.0
281,2024-02-01,Extorsión,26.0
282,2024-02-01,Feminicidio,2.0
283,2024-02-01,Homicidio culposo,99.0
284,2024-02-01,Homicidio doloso,71.0
285,2024-02-01,Lesiones culposas,666.0
286,2024-02-01,Lesiones dolosas,1100.0
287,2024-02-01,Otros delitos contra la sociedad,30.0
288,2024-02-01,Otros delitos que atentan contra la libertad personal,623.0
289,2024-02-01,Otros delitos que atentan contra la vida y la integridad corporal,185.0
290,2024-02-01,Rapto,8.0
291,2024-02-01,Secuestro,3.0
292,2024-02-01,Tráfico de menores,1.0
293,2024-02-01,Trata de personas,26.0
294,2025-02-01,Corrupción de menores,212.0
295,2025-02-01,Extorsión,43.0
296,2025-02-01,Feminicidio,5.0
297,2025-02-01,Homicidio culposo,104.0
298,2025-02-01,Homicidio doloso,73.0
299,2025-02-01,Lesiones culposas,536.0
300,2025-02-01,Lesiones dolosas,1333.0
301,2025-02-01,Otros delitos contra la sociedad,27.0
302,2025-02-01,Otros delitos que atentan contra la libertad personal,608.0
303,2025-02-01,Otros delitos que atentan contra la vida y la integridad corporal,237.0
304,2025-02-01,Rapto,3.0
305,2025-02-01,Secuestro,7.0
306,2025-02-01,Tráfico de menores,0.0
307,2025-02-01,Trata de personas,26.0
308,2015-03-01,Corrupción de menores,129.0
309,2015-03-01,Extorsión,19.0
310,2015-03-01,Feminicidio,6.0
311,2015-03-01,Homicidio culposo,154.0
312,2015-03-01,Homicidio doloso,56.0
313,2015-03-01,Lesiones culposas,583.0
314,2015-03-01,Lesiones dolosas,791.0
315,2015-03-01,Otros delitos contra la sociedad,5.0
316,2015-03-01,Otros delitos que atentan contra la libertad personal,213.0
317,2015-03-01,Otros delitos que atentan contra la vida y la integridad corporal,91.0
318,2015-03-01,Rapto,16.0
319,2015-03-01,Secuestro,10.0
320,2015-03-01,Tráfico de menores,9.0
321,2015-03-01,Trata de personas,12.0
322,2016-03-01,Corrupción de menores,119.0
323,2016-03-01,Extorsión,5.0
324,2016-03-01,Feminicidio,3.0
325,2016-03-01,Homicidio culposo,143.0
326,2016-03-01,Homicidio doloso,55.0
327,2016-03-01,Lesiones culposas,422.0
328,2016-03-01,Lesiones dolosas,720.0
329,2016-03-01,Otros delitos contra la sociedad,2.0
330,2016-03-01,Otros delitos que atentan contra la libertad personal,280.0
331,2016-03-01,Otros delitos que atentan contra la vida y la integridad corporal,67.0
332,2016-03-01,Rapto,18.0
333,2016-03-01,Secuestro,16.0
334,2016-03-01,Tráfico de menores,6.0
335,2016-03-01,Trata de personas,22.0
336,2017-03-01,Corrupción de menores,163.0
337,2017-03-01,Extorsión,9.0
338,2017-03-01,Feminicidio,5.0
339,2017-03-01,Homicidio culposo,152.0
340,2017-03-01,Homicidio doloso,91.0
341,2017-03-01,Lesiones culposas,281.0
342,2017-03-01,Lesiones dolosas,938.0
343,2017-03-01,Otros delitos contra la sociedad,3.0
344,2017-03-01,Otros delitos que atentan contra la libertad personal,357.0
345,2017-03-01,Otros delitos que atentan contra la vida y la integridad corporal,77.0
346,2017-03-01,Rapto,12.0
347,2017-03-01,Secuestro,8.0
348,2017-03-01,Tráfico de menores,36.0
349,2017-03-01,Trata de personas,9.0
350,2018-03-01,Corrupción de menores,114.0
351,2018-03-01,Extorsión,10.0
352,2018-03-01,Feminicidio,6.0
353,2018-03-01,Homicidio culposo,192.0
354,2018-03-01,Homicidio doloso,91.0
355,2018-03-01,Lesiones culposas,353.0
356,2018-03-01,Lesiones dolosas,874.0
357,2018-03-01,Otros delitos contra la sociedad,21.0
358,2018-03-01,Otros delitos que atentan contra la libertad personal,367.0
359,2018-03-01,Otros delitos que atentan contra la vida y la integridad corporal,82.0
360,2018-03-01,Rapto,5.0
361,2018-03-01,Secuestro,13.0
362,2018-03-01,Tráfico de menores,1.0
363,2018-03-01,Trata de personas,19.0
364,2019-03-01,Corrupción de menores,196.0
365,2019-03-01,Extorsión,15.0
366,2019-03-01,Feminicidio,10.0
367,2019-03-01,Homicidio culposo,135.0
368,2019-03-01,Homicidio doloso,87.0
369,2019-03-01,Lesiones culposas,327.0
370,2019-03-01,Lesiones dolosas,906.0
371,2019-03-01,Otros delitos contra la sociedad,64.0
372,2019-03-01,Otros delitos que atentan contra la libertad personal,470.0
373,2019-03-01,Otros delitos que atentan contra la vida y la integridad corporal,93.0
374,2019-03-01,Rapto,5.0
375,2019-03-01,Secuestro,11.0
376,2019-03-01,Tráfico de menores,0.0
377,2019-03-01,Trata de personas,7.0
378,2020-03-01,Corrupción de menores,181.0
379,2020-03-01,Extorsión,8.0
380,2020-03-01,Feminicidio,15.0
381,2020-03-01,Homicidio culposo,121.0
382,2020-03-01,Homicidio doloso,95.0
383,2020-03-01,Lesiones culposas,363.0
384,2020-03-01,Lesiones dolosas,895.0
385,2020-03-01,Otros delitos contra la sociedad,71.0
386,2020-03-01,Otros delitos que atentan contra la libertad personal,547.0
387,2020-03-01,Otros delitos que atentan contra la vida y la integridad corporal,148.0
388,2020-03-01,Rapto,4.0
389,2020-03-01,Secuestro,7.0
390,2020-03-01,Tráfico de menores,0.0
391,2020-03-01,Trata de personas,30.0
392,2021-03-01,Corrupción de menores,178.0
393,2021-03-01,Extorsión,17.0
394,2021-03-01,Feminicidio,11.0
395,2021-03-01,Homicidio culposo,121.0
396,2021-03-01,Homicidio doloso,92.0
397,2021-03-01,Lesiones culposas,430.0
398,2021-03-01,Lesiones dolosas,805.0
399,2021-03-01,Otros delitos contra la sociedad,21.0
400,2021-03-01,Otros delitos que atentan contra la libertad personal,577.0
401,2021-03-01,Otros delitos que atentan contra la vida y la integridad corporal,152.0
402,2021-03-01,Rapto,13.0
403,2021-03-01,Secuestro,3.0
404,2021-03-01,Tráfico de menores,3.0
405,2021-03-01,Trata de personas,36.0
406,2022-03-01,Corrupción de menores,241.0
407,2022-03-01,Extorsión,25.0
408,2022-03-01,Feminicidio,10.0
409,2022-03-01,Homicidio culposo,124.0
410,2022-03-01,Homicidio doloso,89.0
411,2022-03-01,Lesiones culposas,550.0
412,2022-03-01,Lesiones dolosas,971.0
413,2022-03-01,Otros delitos contra la sociedad,14.0
414,2022-03-01,Otros delitos que atentan contra la libertad personal,574.0
415,2022-03-01,Otros delitos que atentan contra la vida y la integridad corporal,243.0
416,2022-03-01,Rapto,8.0
417,2022-03-01,Secuestro,6.0
418,2022-03-01,Tráfico de menores,1.0
419,2022-03-01,Trata de personas,29.0
420,2023-03-01,Corrupción de menores,233.0
421,2023-03-01,Extorsión,28.0
422,2023-03-01,Feminicidio,4.0
423,2023-03-01,Homicidio culposo,130.0
424,2023-03-01,Homicidio doloso,65.0
425,2023-03-01,Lesiones culposas,897.0
426,2023-03-01,Lesiones dolosas,1255.0
427,2023-03-01,Otros delitos contra la sociedad,42.0
428,2023-03-01,Otros delitos que atentan contra la libertad personal,847.0
429,2023-03-01,Otros delitos que atentan contra la vida y la integridad corporal,234.0
430,2023-03-01,Rapto,10.0
431,2023-03-01,Secuestro,4.0
432,2023-03-01,Tráfico de menores,1.0
433,2023-03-01,Trata de personas,25.0
434,2024-03-01,Corrupción de menores,246.0
435,2024-03-01,Extorsión,22.0
436,2024-03-01,Feminicidio,16.0
437,2024-03-01,Homicidio culposo,142.0
438,2024-03-01,Homicidio doloso,74.0
439,2024-03-01,Lesiones culposas,651.0
440,2024-03-01,Lesiones dolosas,1149.0
441,2024-03-01,Otros delitos contra la sociedad,39.0
442,2024-03-01,Otros delitos que atentan contra la libertad personal,705.0
443,2024-03-01,Otros delitos que atentan contra la vida y la integridad corporal,221.0
444,2024-03-01,Rapto,8.0
445,2024-03-01,Secuestro,1.0
446,2024-03-01,Tráfico de menores,8.0
447,2024-03-01,Trata de personas,24.0
448,2025-03-01,Corrupción de menores,271.0
449,2025-03-01,Extorsión,27.0
450,2025-03-01,Feminicidio,7.0
451,2025-03-01,Homicidio culposo,135.0
452,2025-03-01,Homicidio doloso,70.0
453,2025-03-01,Lesiones culposas,704.0
454,2025-03-01,Lesiones dolosas,1395.0
455,2025-03-01,Otros delitos contra la sociedad,46.0
456,2025-03-01,Otros delitos que atentan contra la libertad personal,589.0
457,2025-03-01,Otros delitos que atentan contra la vida y la integridad corporal,394.0
458,2025-03-01,Rapto,5.0
459,2025-03-01,Secuestro,5.0
460,2025-03-01,Tráfico de menores,0.0
461,2025-03-01,Trata de personas,30.0
462,2015-04-01,Corrupción de menores,115.0
463,2015-04-01,Extorsión,13.0
464,2015-04-01,Feminicidio,3.0
465,2015-04-01,Homicidio culposo,138.0
466,2015-04-01,Homicidio doloso,51.0
467,2015-04-01,Lesiones culposas,570.0
468,2015-04-01,Lesiones dolosas,775.0
469,2015-04-01,Otros delitos contra la sociedad,4.0
470,2015-04-01,Otros delitos que atentan contra la libertad personal,242.0
471,2015-04-01,Otros delitos que atentan contra la vida y la integridad corporal,48.0
472,2015-04-01,Rapto,15.0
473,2015-04-01,Secuestro,9.0
474,2015-04-01,Tráfico de menores,9.0
475,2015-04-01,Trata de personas,20.0
476,2016-04-01,Corrupción de menores,126.0
477,2016-04-01,Extorsión,5.0
478,2016-04-01,Feminicidio,6.0
479,2016-04-01,Homicidio culposo,142.0
480,2016-04-01,Homicidio doloso,55.0
481,2016-04-01,Lesiones culposas,479.0
482,2016-04-01,Lesiones dolosas,765.0
483,2016-04-01,Otros delitos contra la sociedad,8.0
484,2016-04-01,Otros delitos que atentan contra la libertad personal,223.0
485,2016-04-01,Otros delitos que atentan contra la vida y la integridad corporal,45.0
486,2016-04-01,Rapto,24.0
487,2016-04-01,Secuestro,13.0
488,2016-04-01,Tráfico de menores,17.0
489,2016-04-01,Trata de personas,11.0
490,2017-04-01,Corrupción de menores,104.0
491,2017-04-01,Extorsión,3.0
492,2017-04-01,Feminicidio,4.0
493,2017-04-01,Homicidio culposo,187.0
494,2017-04-01,Homicidio doloso,90.0
495,2017-04-01,Lesiones culposas,292.0
496,2017-04-01,Lesiones dolosas,868.0
497,2017-04-01,Otros delitos contra la sociedad,3.0
498,2017-04-01,Otros delitos que atentan contra la libertad personal,257.0
499,2017-04-01,Otros delitos que atentan contra la vida y la integridad corporal,64.0
500,2017-04-01,Rapto,13.0
501,2017-04-01,Secuestro,16.0
502,2017-04-01,Tráfico de menores,11.0
503,2017-04-01,Trata de personas,14.0
504,2018-04-01,Corrupción de menores,171.0
505,2018-04-01,Extorsión,13.0
506,2018-04-01,Feminicidio,5.0
507,2018-04-01,Homicidio culposo,161.0
508,2018-04-01,Homicidio doloso,108.0
509,2018-04-01,Lesiones culposas,311.0
510,2018-04-01,Lesiones dolosas,762.0
511,2018-04-01,Otros delitos contra la sociedad,37.0
512,2018-04-01,Otros delitos que atentan contra la libertad personal,380.0
513,2018-04-01,Otros delitos que atentan contra la vida y la integridad corporal,135.0
514,2018-04-01,Rapto,6.0
515,2018-04-01,Secuestro,9.0
516,2018-04-01,Tráfico de menores,4.0
517,2018-04-01,Trata de personas,11.0
518,2019-04-01,Corrupción de menores,168.0
519,2019-04-01,Extorsión,12.0
520,2019-04-01,Feminicidio,7.0
521,2019-04-01,Homicidio culposo,123.0
522,2019-04-01,Homicidio doloso,101.0
523,2019-04-01,Lesiones culposas,309.0
524,2019-04-01,Lesiones dolosas,904.0
525,2019-04-01,Otros delitos contra la sociedad,55.0
526,2019-04-01,Otros delitos que atentan contra la libertad personal,440.0
527,2019-04-01,Otros delitos que atentan contra la vida y la integridad corporal,97.0
528,2019-04-01,Rapto,8.0
529,2019-04-01,Secuestro,13.0
530,2019-04-01,Tráfico de menores,2.0
531,2019-04-01,Trata de personas,14.0
532,2020-04-01,Corrupción de menores,99.0
533,2020-04-01,Extorsión,12.0
534,2020-04-01,Feminicidio,9.0
535,2020-04-01,Homicidio culposo,103.0
536,2020-04-01,Homicidio doloso,104.0
537,2020-04-01,Lesiones culposas,197.0
538,2020-04-01,Lesiones dolosas,603.0
539,2020-04-01,Otros delitos contra la sociedad,19.0
540,2020-04-01,Otros delitos que atentan contra la libertad personal,348.0
541,2020-04-01,Otros delitos que atentan contra la vida y la integridad corporal,84.0
542,2020-04-01,Rapto,4.0
543,2020-04-01,Secuestro,2.0
544,2020-04-01,Tráfico de menores,0.0
545,2020-04-01,Trata de personas,23.0
546,2021-04-01,Corrupción de menores,170.0
547,2021-04-01,Extorsión,17.0
548,2021-04-01,Feminicidio,7.0
549,2021-04-01,Homicidio culposo,126.0
550,2021-04-01,Homicidio doloso,86.0
551,2021-04-01,Lesiones culposas,375.0
552,2021-04-01,Lesiones dolosas,833.0
553,2021-04-01,Otros delitos contra la sociedad,21.0
554,2021-04-01,Otros delitos que atentan contra la libertad personal,524.0
555,2021-04-01,Otros delitos que atentan contra la vida y la integridad corporal,146.0
556,2021-04-01,Rapto,13.0
557,2021-04-01,Secuestro,7.0
558,2021-04-01,Tráfico de menores,4.0
559,2021-04-01,Trata de personas,44.0
560,2022-04-01,Corrupción de menores,206.0
561,2022-04-01,Extorsión,23.0
562,2022-04-01,Feminicidio,9.0
563,2022-04-01,Homicidio culposo,128.0
564,2022-04-01,Homicidio doloso,84.0
565,2022-04-01,Lesiones culposas,578.0
566,2022-04-01,Lesiones dolosas,938.0
567,2022-04-01,Otros delitos contra la sociedad,14.0
568,2022-04-01,Otros delitos que atentan contra la libertad personal,552.0
569,2022-04-01,Otros delitos que atentan contra la vida y la integridad corporal,220.0
570,2022-04-01,Rapto,9.0
571,2022-04-01,Secuestro,3.0
572,2022-04-01,Tráfico de menores,2.0
573,2022-04-01,Trata de personas,36.0
574,2023-04-01,Corrupción de menores,201.0
575,2023-04-01,Extorsión,17.0
576,2023-04-01,Feminicidio,8.0
577,2023-04-01,Homicidio culposo,131.0
578,2023-04-01,Homicidio doloso,87.0
579,2023-04-01,Lesiones culposas,605.0
580,2023-04-01,Lesiones dolosas,881.0
581,2023-04-01,Otros delitos contra la sociedad,15.0
582,2023-04-01,Otros delitos que atentan contra la libertad personal,735.0
583,2023-04-01,Otros delitos que atentan contra la vida y la integridad corporal,165.0
584,2023-04-01,Rapto,4.0
585,2023-04-01,Secuestro,7.0
586,2023-04-01,Tráfico de menores,0.0
587,2023-04-01,Trata de personas,36.0
588,2024-04-01,Corrupción de menores,227.0
589,2024-04-01,Extorsión,29.0
590,2024-04-01,Feminicidio,7.0
591,2024-04-01,Homicidio culposo,125.0
592,2024-04-01,Homicidio doloso,76.0
593,2024-04-01,Lesiones culposas,661.0
594,2024-04-01,Lesiones dolosas,1208.0
595,2024-04-01,Otros delitos contra la sociedad,36.0
596,2024-04-01,Otros delitos que atentan contra la libertad personal,771.0
597,2024-04-01,Otros delitos que atentan contra la vida y la integridad corporal,181.0
598,2024-04-01,Rapto,5.0
599,2024-04-01,Secuestro,8.0
600,2024-04-01,Tráfico de menores,0.0
601,2024-04-01,Trata de personas,36.0
602,2025-04-01,Corrupción de menores,260.0
603,2025-04-01,Extorsión,23.0
604,2025-04-01,Feminicidio,4.0
605,2025-04-01,Homicidio culposo,126.0
606,2025-04-01,Homicidio doloso,63.0
607,2025-04-01,Lesiones culposas,628.0
608,2025-04-01,Lesiones dolosas,1262.0
609,2025-04-01,Otros delitos contra la sociedad,30.0
610,2025-04-01,Otros delitos que atentan contra la libertad personal,682.0
611,2025-04-01,Otros delitos que atentan contra la vida y la integridad corporal,288.0
612,2025-04-01,Rapto,3.0
613,2025-04-01,Secuestro,6.0
614,2025-04-01,Tráfico de menores,0.0
615,2025-04-01,Trata de personas,40.0
616,2015-05-01,Corrupción de menores,125.0
617,2015-05-01,Extorsión,11.0
618,2015-05-01,Feminicidio,1.0
619,2015-05-01,Homicidio culposo,107.0
620,2015-05-01,Homicidio doloso,75.0
621,2015-05-01,Lesiones culposas,694.0
622,2015-05-01,Lesiones dolosas,1076.0
623,2015-05-01,Otros delitos contra la sociedad,7.0
624,2015-05-01,Otros delitos que atentan contra la libertad personal,239.0
625,2015-05-01,Otros delitos que atentan contra la vida y la integridad corporal,41.0
626,2015-05-01,Rapto,25.0
627,2015-05-01,Secuestro,6.0
628,2015-05-01,Tráfico de menores,2.0
629,2015-05-01,Trata de personas,15.0
630,2016-05-01,Corrupción de menores,126.0
631,2016-05-01,Extorsión,4.0
632,2016-05-01,Feminicidio,5.0
633,2016-05-01,Homicidio culposo,177.0
634,2016-05-01,Homicidio doloso,71.0
635,2016-05-01,Lesiones culposas,486.0
636,2016-05-01,Lesiones dolosas,929.0
637,2016-05-01,Otros delitos contra la sociedad,8.0
638,2016-05-01,Otros delitos que atentan contra la libertad personal,281.0
639,2016-05-01,Otros delitos que atentan contra la vida y la integridad corporal,70.0
640,2016-05-01,Rapto,20.0
641,2016-05-01,Secuestro,8.0
642,2016-05-01,Tráfico de menores,7.0
643,2016-05-01,Trata de personas,14.0
644,2017-05-01,Corrupción de menores,160.0
645,2017-05-01,Extorsión,4.0
646,2017-05-01,Feminicidio,5.0
647,2017-05-01,Homicidio culposo,153.0
648,2017-05-01,Homicidio doloso,75.0
649,2017-05-01,Lesiones culposas,258.0
650,2017-05-01,Lesiones dolosas,947.0
651,2017-05-01,Otros delitos contra la sociedad,12.0
652,2017-05-01,Otros delitos que atentan contra la libertad personal,335.0
653,2017-05-01,Otros delitos que atentan contra la vida y la integridad corporal,73.0
654,2017-05-01,Rapto,11.0
655,2017-05-01,Secuestro,13.0
656,2017-05-01,Tráfico de menores,9.0
657,2017-05-01,Trata de personas,11.0
658,2018-05-01,Corrupción de menores,116.0
659,2018-05-01,Extorsión,4.0
660,2018-05-01,Feminicidio,7.0
661,2018-05-01,Homicidio culposo,129.0
662,2018-05-01,Homicidio doloso,87.0
663,2018-05-01,Lesiones culposas,336.0
664,2018-05-01,Lesiones dolosas,966.0
665,2018-05-01,Otros delitos contra la sociedad,43.0
666,2018-05-01,Otros delitos que atentan contra la libertad personal,348.0
667,2018-05-01,Otros delitos que atentan contra la vida y la integridad corporal,120.0
668,2018-05-01,Rapto,8.0
669,2018-05-01,Secuestro,8.0
670,2018-05-01,Tráfico de menores,6.0
671,2018-05-01,Trata de personas,11.0
672,2019-05-01,Corrupción de menores,150.0
673,2019-05-01,Extorsión,19.0
674,2019-05-01,Feminicidio,12.0
675,2019-05-01,Homicidio culposo,135.0
676,2019-05-01,Homicidio doloso,84.0
677,2019-05-01,Lesiones culposas,362.0
678,2019-05-01,Lesiones dolosas,1041.0
679,2019-05-01,Otros delitos contra la sociedad,58.0
680,2019-05-01,Otros delitos que atentan contra la libertad personal,507.0
681,2019-05-01,Otros delitos que atentan contra la vida y la integridad corporal,108.0
682,2019-05-01,Rapto,11.0
683,2019-05-01,Secuestro,24.0
684,2019-05-01,Tráfico de menores,1.0
685,2019-05-01,Trata de personas,11.0
686,2020-05-01,Corrupción de menores,118.0
687,2020-05-01,Extorsión,7.0
688,2020-05-01,Feminicidio,7.0
689,2020-05-01,Homicidio culposo,99.0
690,2020-05-01,Homicidio doloso,108.0
691,2020-05-01,Lesiones culposas,184.0
692,2020-05-01,Lesiones dolosas,584.0
693,2020-05-01,Otros delitos contra la sociedad,15.0
694,2020-05-01,Otros delitos que atentan contra la libertad personal,434.0
695,2020-05-01,Otros delitos que atentan contra la vida y la integridad corporal,101.0
696,2020-05-01,Rapto,6.0
697,2020-05-01,Secuestro,2.0
698,2020-05-01,Tráfico de menores,0.0
699,2020-05-01,Trata de personas,11.0
700,2021-05-01,Corrupción de menores,189.0
701,2021-05-01,Extorsión,19.0
702,2021-05-01,Feminicidio,14.0
703,2021-05-01,Homicidio culposo,116.0
704,2021-05-01,Homicidio doloso,97.0
705,2021-05-01,Lesiones culposas,438.0
706,2021-05-01,Lesiones dolosas,811.0
707,2021-05-01,Otros delitos contra la sociedad,53.0
708,2021-05-01,Otros delitos que atentan contra la libertad personal,581.0
709,2021-05-01,Otros delitos que atentan contra la vida y la integridad corporal,159.0
710,2021-05-01,Rapto,8.0
711,2021-05-01,Secuestro,5.0
712,2021-05-01,Tráfico de menores,2.0
713,2021-05-01,Trata de personas,51.0
714,2022-05-01,Corrupción de menores,213.0
715,2022-05-01,Extorsión,28.0
716,2022-05-01,Feminicidio,12.0
717,2022-05-01,Homicidio culposo,138.0
718,2022-05-01,Homicidio doloso,108.0
719,2022-05-01,Lesiones culposas,607.0
720,2022-05-01,Lesiones dolosas,1052.0
721,2022-05-01,Otros delitos contra la sociedad,26.0
722,2022-05-01,Otros delitos que atentan contra la libertad personal,613.0
723,2022-05-01,Otros delitos que atentan contra la vida y la integridad corporal,230.0
724,2022-05-01,Rapto,5.0
725,2022-05-01,Secuestro,6.0
726,2022-05-01,Tráfico de menores,0.0
727,2022-05-01,Trata de personas,55.0
728,2023-05-01,Corrupción de menores,186.0
729,2023-05-01,Extorsión,26.0
730,2023-05-01,Feminicidio,6.0
731,2023-05-01,Homicidio culposo,127.0
732,2023-05-01,Homicidio doloso,79.0
733,2023-05-01,Lesiones culposas,634.0
734,2023-05-01,Lesiones dolosas,1113.0
735,2023-05-01,Otros delitos contra la sociedad,37.0
736,2023-05-01,Otros delitos que atentan contra la libertad personal,820.0
737,2023-05-01,Otros delitos que atentan contra la vida y la integridad corporal,191.0
738,2023-05-01,Rapto,4.0
739,2023-05-01,Secuestro,2.0
740,2023-05-01,Tráfico de menores,0.0
741,2023-05-01,Trata de personas,45.0
742,2024-05-01,Corrupción de menores,244.0
743,2024-05-01,Extorsión,25.0
744,2024-05-01,Feminicidio,11.0
745,2024-05-01,Homicidio culposo,163.0
746,2024-05-01,Homicidio doloso,90.0
747,2024-05-01,Lesiones culposas,694.0
748,2024-05-01,Lesiones dolosas,1378.0
749,2024-05-01,Otros delitos contra la sociedad,38.0
750,2024-05-01,Otros delitos que atentan contra la libertad personal,783.0
751,2024-05-01,Otros delitos que atentan contra la vida y la integridad corporal,277.0
752,2024-05-01,Rapto,3.0
753,2024-05-01,Secuestro,14.0
754,2024-05-01,Tráfico de menores,1.0
755,2024-05-01,Trata de personas,31.0
756,2025-05-01,Corrupción de menores,256.0
757,2025-05-01,Extorsión,22.0
758,2025-05-01,Feminicidio,2.0
759,2025-05-01,Homicidio culposo,139.0
760,2025-05-01,Homicidio doloso,59.0
761,2025-05-01,Lesiones culposas,688.0
762,2025-05-01,Lesiones dolosas,1328.0
763,2025-05-01,Otros delitos contra la sociedad,28.0
764,2025-05-01,Otros delitos que atentan contra la libertad personal,729.0
765,2025-05-01,Otros delitos que atentan contra la vida y la integridad corporal,314.0
766,2025-05-01,Rapto,3.0
767,2025-05-01,Secuestro,8.0
768,2025-05-01,Tráfico de menores,1.0
769,2025-05-01,Trata de personas,34.0
770,2015-06-01,Corrupción de menores,138.0
771,2015-06-01,Extorsión,9.0
772,2015-06-01,Feminicidio,2.0
773,2015-06-01,Homicidio culposo,117.0
774,2015-06-01,Homicidio doloso,60.0
775,2015-06-01,Lesiones culposas,568.0
776,2015-06-01,Lesiones dolosas,770.0
777,2015-06-01,Otros delitos contra la sociedad,8.0
778,2015-06-01,Otros delitos que atentan contra la libertad personal,205.0
779,2015-06-01,Otros delitos que atentan contra la vida y la integridad corporal,42.0
780,2015-06-01,Rapto,16.0
781,2015-06-01,Secuestro,23.0
782,2015-06-01,Tráfico de menores,7.0
783,2015-06-01,Trata de personas,12.0
784,2016-06-01,Corrupción de menores,105.0
785,2016-06-01,Extorsión,9.0
786,2016-06-01,Feminicidio,7.0
787,2016-06-01,Homicidio culposo,118.0
788,2016-06-01,Homicidio doloso,57.0
789,2016-06-01,Lesiones culposas,386.0
790,2016-06-01,Lesiones dolosas,877.0
791,2016-06-01,Otros delitos contra la sociedad,5.0
792,2016-06-01,Otros delitos que atentan contra la libertad personal,273.0
793,2016-06-01,Otros delitos que atentan contra la vida y la integridad corporal,49.0
794,2016-06-01,Rapto,20.0
795,2016-06-01,Secuestro,12.0
796,2016-06-01,Tráfico de menores,22.0
797,2016-06-01,Trata de personas,12.0
798,2017-06-01,Corrupción de menores,133.0
799,2017-06-01,Extorsión,6.0
800,2017-06-01,Feminicidio,9.0
801,2017-06-01,Homicidio culposo,123.0
802,2017-06-01,Homicidio doloso,99.0
803,2017-06-01,Lesiones culposas,278.0
804,2017-06-01,Lesiones dolosas,1199.0
805,2017-06-01,Otros delitos contra la sociedad,6.0
806,2017-06-01,Otros delitos que atentan contra la libertad personal,351.0
807,2017-06-01,Otros delitos que atentan contra la vida y la integridad corporal,88.0
808,2017-06-01,Rapto,18.0
809,2017-06-01,Secuestro,7.0
810,2017-06-01,Tráfico de menores,16.0
811,2017-06-01,Trata de personas,8.0
812,2018-06-01,Corrupción de menores,138.0
813,2018-06-01,Extorsión,6.0
814,2018-06-01,Feminicidio,5.0
815,2018-06-01,Homicidio culposo,105.0
816,2018-06-01,Homicidio doloso,82.0
817,2018-06-01,Lesiones culposas,352.0
818,2018-06-01,Lesiones dolosas,884.0
819,2018-06-01,Otros delitos contra la sociedad,42.0
820,2018-06-01,Otros delitos que atentan contra la libertad personal,351.0
821,2018-06-01,Otros delitos que atentan contra la vida y la integridad corporal,119.0
822,2018-06-01,Rapto,6.0
823,2018-06-01,Secuestro,11.0
824,2018-06-01,Tráfico de menores,4.0
825,2018-06-01,Trata de personas,15.0
826,2019-06-01,Corrupción de menores,188.0
827,2019-06-01,Extorsión,30.0
828,2019-06-01,Feminicidio,4.0
829,2019-06-01,Homicidio culposo,103.0
830,2019-06-01,Homicidio doloso,81.0
831,2019-06-01,Lesiones culposas,357.0
832,2019-06-01,Lesiones dolosas,1010.0
833,2019-06-01,Otros delitos contra la sociedad,221.0
834,2019-06-01,Otros delitos que atentan contra la libertad personal,524.0
835,2019-06-01,Otros delitos que atentan contra la vida y la integridad corporal,141.0
836,2019-06-01,Rapto,10.0
837,2019-06-01,Secuestro,8.0
838,2019-06-01,Tráfico de menores,0.0
839,2019-06-01,Trata de personas,18.0
840,2020-06-01,Corrupción de menores,116.0
841,2020-06-01,Extorsión,15.0
842,2020-06-01,Feminicidio,8.0
843,2020-06-01,Homicidio culposo,96.0
844,2020-06-01,Homicidio doloso,88.0
845,2020-06-01,Lesiones culposas,257.0
846,2020-06-01,Lesiones dolosas,591.0
847,2020-06-01,Otros delitos contra la sociedad,40.0
848,2020-06-01,Otros delitos que atentan contra la libertad personal,441.0
849,2020-06-01,Otros delitos que atentan contra la vida y la integridad corporal,113.0
850,2020-06-01,Rapto,8.0
851,2020-06-01,Secuestro,8.0
852,2020-06-01,Tráfico de menores,2.0
853,2020-06-01,Trata de personas,43.0
854,2021-06-01,Corrupción de menores,183.0
855,2021-06-01,Extorsión,23.0
856,2021-06-01,Feminicidio,12.0
857,2021-06-01,Homicidio culposo,99.0
858,2021-06-01,Homicidio doloso,63.0
859,2021-06-01,Lesiones culposas,416.0
860,2021-06-01,Lesiones dolosas,803.0
861,2021-06-01,Otros delitos contra la sociedad,17.0
862,2021-06-01,Otros delitos que atentan contra la libertad personal,553.0
863,2021-06-01,Otros delitos que atentan contra la vida y la integridad corporal,140.0
864,2021-06-01,Rapto,14.0
865,2021-06-01,Secuestro,4.0
866,2021-06-01,Tráfico de menores,0.0
867,2021-06-01,Trata de personas,31.0
868,2022-06-01,Corrupción de menores,210.0
869,2022-06-01,Extorsión,28.0
870,2022-06-01,Feminicidio,8.0
871,2022-06-01,Homicidio culposo,117.0
872,2022-06-01,Homicidio doloso,102.0
873,2022-06-01,Lesiones culposas,580.0
874,2022-06-01,Lesiones dolosas,1051.0
875,2022-06-01,Otros delitos contra la sociedad,15.0
876,2022-06-01,Otros delitos que atentan contra la libertad personal,717.0
877,2022-06-01,Otros delitos que atentan contra la vida y la integridad corporal,236.0
878,2022-06-01,Rapto,11.0
879,2022-06-01,Secuestro,0.0
880,2022-06-01,Tráfico de menores,0.0
881,2022-06-01,Trata de personas,49.0
882,2023-06-01,Corrupción de menores,234.0
883,2023-06-01,Extorsión,30.0
884,2023-06-01,Feminicidio,4.0
885,2023-06-01,Homicidio culposo,132.0
886,2023-06-01,Homicidio doloso,78.0
887,2023-06-01,Lesiones culposas,654.0
888,2023-06-01,Lesiones dolosas,1247.0
889,2023-06-01,Otros delitos contra la sociedad,51.0
890,2023-06-01,Otros delitos que atentan contra la libertad personal,863.0
891,2023-06-01,Otros delitos que atentan contra la vida y la integridad corporal,311.0
892,2023-06-01,Rapto,6.0
893,2023-06-01,Secuestro,1.0
894,2023-06-01,Tráfico de menores,0.0
895,2023-06-01,Trata de personas,51.0
896,2024-06-01,Corrupción de menores,198.0
897,2024-06-01,Extorsión,30.0
898,2024-06-01,Feminicidio,4.0
899,2024-06-01,Homicidio culposo,148.0
900,2024-06-01,Homicidio doloso,98.0
901,2024-06-01,Lesiones culposas,658.0
902,2024-06-01,Lesiones dolosas,1201.0
903,2024-06-01,Otros delitos contra la sociedad,29.0
904,2024-06-01,Otros delitos que atentan contra la libertad personal,659.0
905,2024-06-01,Otros delitos que atentan contra la vida y la integridad corporal,237.0
906,2024-06-01,Rapto,5.0
907,2024-06-01,Secuestro,11.0
908,2024-06-01,Tráfico de menores,0.0
909,2024-06-01,Trata de personas,36.0
910,2025-06-01,Corrupción de menores,238.0
911,2025-06-01,Extorsión,18.0
912,2025-06-01,Feminicidio,2.0
913,2025-06-01,Homicidio culposo,119.0
914,2025-06-01,Homicidio doloso,54.0
915,2025-06-01,Lesiones culposas,641.0
916,2025-06-01,Lesiones dolosas,1317.0
917,2025-06-01,Otros delitos contra la sociedad,32.0
918,2025-06-01,Otros delitos que atentan contra la libertad personal,736.0
919,2025-06-01,Otros delitos que atentan contra la vida y la integridad corporal,237.0
920,2025-06-01,Rapto,7.0
921,2025-06-01,Secuestro,3.0
922,2025-06-01,Tráfico de menores,1.0
923,2025-06-01,Trata de personas,21.0
924,2015-07-01,Corrupción de menores,103.0
925,2015-07-01,Extorsión,11.0
926,2015-07-01,Feminicidio,6.0
927,2015-07-01,Homicidio culposo,131.0
928,2015-07-01,Homicidio doloso,69.0
929,2015-07-01,Lesiones culposas,571.0
930,2015-07-01,Lesiones dolosas,875.0
931,2015-07-01,Otros delitos contra la sociedad,7.0
932,2015-07-01,Otros delitos que atentan contra la libertad personal,282.0
933,2015-07-01,Otros delitos que atentan contra la vida y la integridad corporal,23.0
934,2015-07-01,Rapto,21.0
935,2015-07-01,Secuestro,16.0
936,2015-07-01,Tráfico de menores,5.0
937,2015-07-01,Trata de personas,13.0
938,2016-07-01,Corrupción de menores,83.0
939,2016-07-01,Extorsión,22.0
940,2016-07-01,Feminicidio,4.0
941,2016-07-01,Homicidio culposo,146.0
942,2016-07-01,Homicidio doloso,71.0
943,2016-07-01,Lesiones culposas,257.0
944,2016-07-01,Lesiones dolosas,645.0
945,2016-07-01,Otros delitos contra la sociedad,2.0
946,2016-07-01,Otros delitos que atentan contra la libertad personal,242.0
947,2016-07-01,Otros delitos que atentan contra la vida y la integridad corporal,60.0
948,2016-07-01,Rapto,14.0
949,2016-07-01,Secuestro,10.0
950,2016-07-01,Tráfico de menores,9.0
951,2016-07-01,Trata de personas,6.0
952,2017-07-01,Corrupción de menores,149.0
953,2017-07-01,Extorsión,39.0
954,2017-07-01,Feminicidio,5.0
955,2017-07-01,Homicidio culposo,181.0
956,2017-07-01,Homicidio doloso,95.0
957,2017-07-01,Lesiones culposas,274.0
958,2017-07-01,Lesiones dolosas,874.0
959,2017-07-01,Otros delitos contra la sociedad,9.0
960,2017-07-01,Otros delitos que atentan contra la libertad personal,397.0
961,2017-07-01,Otros delitos que atentan contra la vida y la integridad corporal,86.0
962,2017-07-01,Rapto,15.0
963,2017-07-01,Secuestro,6.0
964,2017-07-01,Tráfico de menores,11.0
965,2017-07-01,Trata de personas,16.0
966,2018-07-01,Corrupción de menores,124.0
967,2018-07-01,Extorsión,10.0
968,2018-07-01,Feminicidio,12.0
969,2018-07-01,Homicidio culposo,141.0
970,2018-07-01,Homicidio doloso,118.0
971,2018-07-01,Lesiones culposas,329.0
972,2018-07-01,Lesiones dolosas,757.0
973,2018-07-01,Otros delitos contra la sociedad,35.0
974,2018-07-01,Otros delitos que atentan contra la libertad personal,384.0
975,2018-07-01,Otros delitos que atentan contra la vida y la integridad corporal,99.0
976,2018-07-01,Rapto,7.0
977,2018-07-01,Secuestro,14.0
978,2018-07-01,Tráfico de menores,1.0
979,2018-07-01,Trata de personas,21.0
980,2019-07-01,Corrupción de menores,144.0
981,2019-07-01,Extorsión,20.0
982,2019-07-01,Feminicidio,6.0
983,2019-07-01,Homicidio culposo,128.0
984,2019-07-01,Homicidio doloso,78.0
985,2019-07-01,Lesiones culposas,361.0
986,2019-07-01,Lesiones dolosas,1073.0
987,2019-07-01,Otros delitos contra la sociedad,21.0
988,2019-07-01,Otros delitos que atentan contra la libertad personal,392.0
989,2019-07-01,Otros delitos que atentan contra la vida y la integridad corporal,160.0
990,2019-07-01,Rapto,7.0
991,2019-07-01,Secuestro,14.0
992,2019-07-01,Tráfico de menores,3.0
993,2019-07-01,Trata de personas,11.0
994,2020-07-01,Corrupción de menores,116.0
995,2020-07-01,Extorsión,7.0
996,2020-07-01,Feminicidio,10.0
997,2020-07-01,Homicidio culposo,110.0
998,2020-07-01,Homicidio doloso,115.0
999,2020-07-01,Lesiones culposas,270.0
1000,2020-07-01,Lesiones dolosas,691.0
1001,2020-07-01,Otros delitos contra la sociedad,54.0
1002,2020-07-01,Otros delitos que atentan contra la libertad personal,461.0
1003,2020-07-01,Otros delitos que atentan contra la vida y la integridad corporal,126.0
1004,2020-07-01,Rapto,12.0
1005,2020-07-01,Secuestro,9.0
1006,2020-07-01,Tráfico de menores,0.0
1007,2020-07-01,Trata de personas,24.0
1008,2021-07-01,Corrupción de menores,179.0
1009,2021-07-01,Extorsión,29.0
1010,2021-07-01,Feminicidio,7.0
1011,2021-07-01,Homicidio culposo,115.0
1012,2021-07-01,Homicidio doloso,98.0
1013,2021-07-01,Lesiones culposas,430.0
1014,2021-07-01,Lesiones dolosas,679.0
1015,2021-07-01,Otros delitos contra la sociedad,52.0
1016,2021-07-01,Otros delitos que atentan contra la libertad personal,556.0
1017,2021-07-01,Otros delitos que atentan contra la vida y la integridad corporal,162.0
1018,2021-07-01,Rapto,7.0
1019,2021-07-01,Secuestro,7.0
1020,2021-07-01,Tráfico de menores,2.0
1021,2021-07-01,Trata de personas,27.0
1022,2022-07-01,Corrupción de menores,219.0
1023,2022-07-01,Extorsión,25.0
1024,2022-07-01,Feminicidio,3.0
1025,2022-07-01,Homicidio culposo,129.0
1026,2022-07-01,Homicidio doloso,88.0
1027,2022-07-01,Lesiones culposas,525.0
1028,2022-07-01,Lesiones dolosas,844.0
1029,2022-07-01,Otros delitos contra la sociedad,12.0
1030,2022-07-01,Otros delitos que atentan contra la libertad personal,656.0
1031,2022-07-01,Otros delitos que atentan contra la vida y la integridad corporal,179.0
1032,2022-07-01,Rapto,2.0
1033,2022-07-01,Secuestro,2.0
1034,2022-07-01,Tráfico de menores,0.0
1035,2022-07-01,Trata de personas,45.0
1036,2023-07-01,Corrupción de menores,193.0
1037,2023-07-01,Extorsión,12.0
1038,2023-07-01,Feminicidio,3.0
1039,2023-07-01,Homicidio culposo,115.0
1040,2023-07-01,Homicidio doloso,76.0
1041,2023-07-01,Lesiones culposas,683.0
1042,2023-07-01,Lesiones dolosas,882.0
1043,2023-07-01,Otros delitos contra la sociedad,33.0
1044,2023-07-01,Otros delitos que atentan contra la libertad personal,764.0
1045,2023-07-01,Otros delitos que atentan contra la vida y la integridad corporal,229.0
1046,2023-07-01,Rapto,4.0
1047,2023-07-01,Secuestro,10.0
1048,2023-07-01,Tráfico de menores,1.0
1049,2023-07-01,Trata de personas,25.0
1050,2024-07-01,Corrupción de menores,227.0
1051,2024-07-01,Extorsión,30.0
1052,2024-07-01,Feminicidio,5.0
1053,2024-07-01,Homicidio culposo,105.0
1054,2024-07-01,Homicidio doloso,66.0
1055,2024-07-01,Lesiones culposas,593.0
1056,2024-07-01,Lesiones dolosas,883.0
1057,2024-07-01,Otros delitos contra la sociedad,14.0
1058,2024-07-01,Otros delitos que atentan contra la libertad personal,732.0
1059,2024-07-01,Otros delitos que atentan contra la vida y la integridad corporal,267.0
1060,2024-07-01,Rapto,7.0
1061,2024-07-01,Secuestro,11.0
1062,2024-07-01,Tráfico de menores,0.0
1063,2024-07-01,Trata de personas,42.0
1064,2025-07-01,Corrupción de menores,227.0
1065,2025-07-01,Extorsión,26.0
1066,2025-07-01,Feminicidio,9.0
1067,2025-07-01,Homicidio culposo,109.0
1068,2025-07-01,Homicidio doloso,70.0
1069,2025-07-01,Lesiones culposas,585.0
1070,2025-07-01,Lesiones dolosas,1054.0
1071,2025-07-01,Otros delitos contra la sociedad,25.0
1072,2025-07-01,Otros delitos que atentan contra la libertad personal,764.0
1073,2025-07-01,Otros delitos que atentan contra la vida y la integridad corporal,236.0
1074,2025-07-01,Rapto,1.0
1075,2025-07-01,Secuestro,4.0
1076,2025-07-01,Tráfico de menores,1.0
1077,2025-07-01,Trata de personas,19.0
1078,2015-08-01,Corrupción de menores,87.0
1079,2015-08-01,Extorsión,12.0
1080,2015-08-01,Feminicidio,4.0
1081,2015-08-01,Homicidio culposo,128.0
1082,2015-08-01,Homicidio doloso,76.0
1083,2015-08-01,Lesiones culposas,559.0
1084,2015-08-01,Lesiones dolosas,729.0
1085,2015-08-01,Otros delitos contra la sociedad,6.0
1086,2015-08-01,Otros delitos que atentan contra la libertad personal,257.0
1087,2015-08-01,Otros delitos que atentan contra la vida y la integridad corporal,35.0
1088,2015-08-01,Rapto,21.0
1089,2015-08-01,Secuestro,5.0
1090,2015-08-01,Tráfico de menores,5.0
1091,2015-08-01,Trata de personas,84.0
1092,2016-08-01,Corrupción de menores,105.0
1093,2016-08-01,Extorsión,8.0
1094,2016-08-01,Feminicidio,2.0
1095,2016-08-01,Homicidio culposo,225.0
1096,2016-08-01,Homicidio doloso,83.0
1097,2016-08-01,Lesiones culposas,220.0
1098,2016-08-01,Lesiones dolosas,564.0
1099,2016-08-01,Otros delitos contra la sociedad,4.0
1100,2016-08-01,Otros delitos que atentan contra la libertad personal,233.0
1101,2016-08-01,Otros delitos que atentan contra la vida y la integridad corporal,46.0
1102,2016-08-01,Rapto,21.0
1103,2016-08-01,Secuestro,15.0
1104,2016-08-01,Tráfico de menores,7.0
1105,2016-08-01,Trata de personas,9.0
1106,2017-08-01,Corrupción de menores,108.0
1107,2017-08-01,Extorsión,7.0
1108,2017-08-01,Feminicidio,4.0
1109,2017-08-01,Homicidio culposo,191.0
1110,2017-08-01,Homicidio doloso,99.0
1111,2017-08-01,Lesiones culposas,288.0
1112,2017-08-01,Lesiones dolosas,995.0
1113,2017-08-01,Otros delitos contra la sociedad,6.0
1114,2017-08-01,Otros delitos que atentan contra la libertad personal,348.0
1115,2017-08-01,Otros delitos que atentan contra la vida y la integridad corporal,89.0
1116,2017-08-01,Rapto,15.0
1117,2017-08-01,Secuestro,29.0
1118,2017-08-01,Tráfico de menores,24.0
1119,2017-08-01,Trata de personas,10.0
1120,2018-08-01,Corrupción de menores,144.0
1121,2018-08-01,Extorsión,6.0
1122,2018-08-01,Feminicidio,6.0
1123,2018-08-01,Homicidio culposo,137.0
1124,2018-08-01,Homicidio doloso,108.0
1125,2018-08-01,Lesiones culposas,278.0
1126,2018-08-01,Lesiones dolosas,872.0
1127,2018-08-01,Otros delitos contra la sociedad,55.0
1128,2018-08-01,Otros delitos que atentan contra la libertad personal,506.0
1129,2018-08-01,Otros delitos que atentan contra la vida y la integridad corporal,117.0
1130,2018-08-01,Rapto,12.0
1131,2018-08-01,Secuestro,20.0
1132,2018-08-01,Tráfico de menores,0.0
1133,2018-08-01,Trata de personas,6.0
1134,2019-08-01,Corrupción de menores,158.0
1135,2019-08-01,Extorsión,40.0
1136,2019-08-01,Feminicidio,8.0
1137,2019-08-01,Homicidio culposo,121.0
1138,2019-08-01,Homicidio doloso,85.0
1139,2019-08-01,Lesiones culposas,342.0
1140,2019-08-01,Lesiones dolosas,967.0
1141,2019-08-01,Otros delitos contra la sociedad,72.0
1142,2019-08-01,Otros delitos que atentan contra la libertad personal,633.0
1143,2019-08-01,Otros delitos que atentan contra la vida y la integridad corporal,190.0
1144,2019-08-01,Rapto,8.0
1145,2019-08-01,Secuestro,7.0
1146,2019-08-01,Tráfico de menores,2.0
1147,2019-08-01,Trata de personas,26.0
1148,2020-08-01,Corrupción de menores,148.0
1149,2020-08-01,Extorsión,14.0
1150,2020-08-01,Feminicidio,5.0
1151,2020-08-01,Homicidio culposo,110.0
1152,2020-08-01,Homicidio doloso,76.0
1153,2020-08-01,Lesiones culposas,296.0
1154,2020-08-01,Lesiones dolosas,702.0
1155,2020-08-01,Otros delitos contra la sociedad,78.0
1156,2020-08-01,Otros delitos que atentan contra la libertad personal,526.0
1157,2020-08-01,Otros delitos que atentan contra la vida y la integridad corporal,158.0
1158,2020-08-01,Rapto,10.0
1159,2020-08-01,Secuestro,7.0
1160,2020-08-01,Tráfico de menores,3.0
1161,2020-08-01,Trata de personas,24.0
1162,2021-08-01,Corrupción de menores,169.0
1163,2021-08-01,Extorsión,29.0
1164,2021-08-01,Feminicidio,10.0
1165,2021-08-01,Homicidio culposo,96.0
1166,2021-08-01,Homicidio doloso,83.0
1167,2021-08-01,Lesiones culposas,414.0
1168,2021-08-01,Lesiones dolosas,663.0
1169,2021-08-01,Otros delitos contra la sociedad,14.0
1170,2021-08-01,Otros delitos que atentan contra la libertad personal,605.0
1171,2021-08-01,Otros delitos que atentan contra la vida y la integridad corporal,220.0
1172,2021-08-01,Rapto,9.0
1173,2021-08-01,Secuestro,6.0
1174,2021-08-01,Tráfico de menores,0.0
1175,2021-08-01,Trata de personas,33.0
1176,2022-08-01,Corrupción de menores,190.0
1177,2022-08-01,Extorsión,36.0
1178,2022-08-01,Feminicidio,11.0
1179,2022-08-01,Homicidio culposo,118.0
1180,2022-08-01,Homicidio doloso,88.0
1181,2022-08-01,Lesiones culposas,544.0
1182,2022-08-01,Lesiones dolosas,849.0
1183,2022-08-01,Otros delitos contra la sociedad,12.0
1184,2022-08-01,Otros delitos que atentan contra la libertad personal,759.0
1185,2022-08-01,Otros delitos que atentan contra la vida y la integridad corporal,206.0
1186,2022-08-01,Rapto,5.0
1187,2022-08-01,Secuestro,2.0
1188,2022-08-01,Tráfico de menores,0.0
1189,2022-08-01,Trata de personas,58.0
1190,2023-08-01,Corrupción de menores,197.0
1191,2023-08-01,Extorsión,24.0
1192,2023-08-01,Feminicidio,5.0
1193,2023-08-01,Homicidio culposo,125.0
1194,2023-08-01,Homicidio doloso,70.0
1195,2023-08-01,Lesiones culposas,592.0
1196,2023-08-01,Lesiones dolosas,847.0
1197,2023-08-01,Otros delitos contra la sociedad,31.0
1198,2023-08-01,Otros delitos que atentan contra la libertad personal,913.0
1199,2023-08-01,Otros delitos que atentan contra la vida y la integridad corporal,150.0
1200,2023-08-01,Rapto,2.0
1201,2023-08-01,Secuestro,9.0
1202,2023-08-01,Tráfico de menores,2.0
1203,2023-08-01,Trata de personas,44.0
1204,2024-08-01,Corrupción de menores,201.0
1205,2024-08-01,Extorsión,14.0
1206,2024-08-01,Feminicidio,4.0
1207,2024-08-01,Homicidio culposo,115.0
1208,2024-08-01,Homicidio doloso,85.0
1209,2024-08-01,Lesiones culposas,542.0
1210,2024-08-01,Lesiones dolosas,940.0
1211,2024-08-01,Otros delitos contra la sociedad,19.0
1212,2024-08-01,Otros delitos que atentan contra la libertad personal,844.0
1213,2024-08-01,Otros delitos que atentan contra la vida y la integridad corporal,255.0
1214,2024-08-01,Rapto,4.0
1215,2024-08-01,Secuestro,10.0
1216,2024-08-01,Tráfico de menores,2.0
1217,2024-08-01,Trata de personas,37.0
1218,2025-08-01,Corrupción de menores,247.0
1219,2025-08-01,Extorsión,15.0
1220,2025-08-01,Feminicidio,7.0
1221,2025-08-01,Homicidio culposo,113.0
1222,2025-08-01,Homicidio doloso,61.0
1223,2025-08-01,Lesiones culposas,694.0
1224,2025-08-01,Lesiones dolosas,940.0
1225,2025-08-01,Otros delitos contra la sociedad,28.0
1226,2025-08-01,Otros delitos que atentan contra la libertad personal,818.0
1227,2025-08-01,Otros delitos que atentan contra la vida y la integridad corporal,215.0
1228,2025-08-01,Rapto,2.0
1229,2025-08-01,Secuestro,4.0
1230,2025-08-01,Tráfico de menores,0.0
1231,2025-08-01,Trata de personas,29.0
1232,2015-09-01,Corrupción de menores,111.0
1233,2015-09-01,Extorsión,22.0
1234,2015-09-01,Feminicidio,5.0
1235,2015-09-01,Homicidio culposo,150.0
1236,2015-09-01,Homicidio doloso,65.0
1237,2015-09-01,Lesiones culposas,556.0
1238,2015-09-01,Lesiones dolosas,966.0
1239,2015-09-01,Otros delitos contra la sociedad,3.0
1240,2015-09-01,Otros delitos que atentan contra la libertad personal,255.0
1241,2015-09-01,Otros delitos que atentan contra la vida y la integridad corporal,38.0
1242,2015-09-01,Rapto,21.0
1243,2015-09-01,Secuestro,12.0
1244,2015-09-01,Tráfico de menores,1.0
1245,2015-09-01,Trata de personas,6.0
1246,2016-09-01,Corrupción de menores,106.0
1247,2016-09-01,Extorsión,10.0
1248,2016-09-01,Feminicidio,3.0
1249,2016-09-01,Homicidio culposo,129.0
1250,2016-09-01,Homicidio doloso,67.0
1251,2016-09-01,Lesiones culposas,337.0
1252,2016-09-01,Lesiones dolosas,805.0
1253,2016-09-01,Otros delitos contra la sociedad,7.0
1254,2016-09-01,Otros delitos que atentan contra la libertad personal,372.0
1255,2016-09-01,Otros delitos que atentan contra la vida y la integridad corporal,40.0
1256,2016-09-01,Rapto,10.0
1257,2016-09-01,Secuestro,12.0
1258,2016-09-01,Tráfico de menores,4.0
1259,2016-09-01,Trata de personas,10.0
1260,2017-09-01,Corrupción de menores,94.0
1261,2017-09-01,Extorsión,4.0
1262,2017-09-01,Feminicidio,2.0
1263,2017-09-01,Homicidio culposo,156.0
1264,2017-09-01,Homicidio doloso,114.0
1265,2017-09-01,Lesiones culposas,328.0
1266,2017-09-01,Lesiones dolosas,927.0
1267,2017-09-01,Otros delitos contra la sociedad,5.0
1268,2017-09-01,Otros delitos que atentan contra la libertad personal,392.0
1269,2017-09-01,Otros delitos que atentan contra la vida y la integridad corporal,115.0
1270,2017-09-01,Rapto,14.0
1271,2017-09-01,Secuestro,5.0
1272,2017-09-01,Tráfico de menores,14.0
1273,2017-09-01,Trata de personas,20.0
1274,2018-09-01,Corrupción de menores,117.0
1275,2018-09-01,Extorsión,5.0
1276,2018-09-01,Feminicidio,5.0
1277,2018-09-01,Homicidio culposo,113.0
1278,2018-09-01,Homicidio doloso,74.0
1279,2018-09-01,Lesiones culposas,313.0
1280,2018-09-01,Lesiones dolosas,954.0
1281,2018-09-01,Otros delitos contra la sociedad,47.0
1282,2018-09-01,Otros delitos que atentan contra la libertad personal,364.0
1283,2018-09-01,Otros delitos que atentan contra la vida y la integridad corporal,90.0
1284,2018-09-01,Rapto,4.0
1285,2018-09-01,Secuestro,8.0
1286,2018-09-01,Tráfico de menores,1.0
1287,2018-09-01,Trata de personas,24.0
1288,2019-09-01,Corrupción de menores,161.0
1289,2019-09-01,Extorsión,7.0
1290,2019-09-01,Feminicidio,8.0
1291,2019-09-01,Homicidio culposo,92.0
1292,2019-09-01,Homicidio doloso,76.0
1293,2019-09-01,Lesiones culposas,364.0
1294,2019-09-01,Lesiones dolosas,994.0
1295,2019-09-01,Otros delitos contra la sociedad,23.0
1296,2019-09-01,Otros delitos que atentan contra la libertad personal,431.0
1297,2019-09-01,Otros delitos que atentan contra la vida y la integridad corporal,145.0
1298,2019-09-01,Rapto,10.0
1299,2019-09-01,Secuestro,13.0
1300,2019-09-01,Tráfico de menores,0.0
1301,2019-09-01,Trata de personas,27.0
1302,2020-09-01,Corrupción de menores,155.0
1303,2020-09-01,Extorsión,23.0
1304,2020-09-01,Feminicidio,11.0
1305,2020-09-01,Homicidio culposo,83.0
1306,2020-09-01,Homicidio doloso,68.0
1307,2020-09-01,Lesiones culposas,304.0
1308,2020-09-01,Lesiones dolosas,746.0
1309,2020-09-01,Otros delitos contra la sociedad,55.0
1310,2020-09-01,Otros delitos que atentan contra la libertad personal,573.0
1311,2020-09-01,Otros delitos que atentan contra la vida y la integridad corporal,131.0
1312,2020-09-01,Rapto,9.0
1313,2020-09-01,Secuestro,7.0
1314,2020-09-01,Tráfico de menores,0.0
1315,2020-09-01,Trata de personas,26.0
1316,2021-09-01,Corrupción de menores,131.0
1317,2021-09-01,Extorsión,20.0
1318,2021-09-01,Feminicidio,11.0
1319,2021-09-01,Homicidio culposo,125.0
1320,2021-09-01,Homicidio doloso,98.0
1321,2021-09-01,Lesiones culposas,387.0
1322,2021-09-01,Lesiones dolosas,668.0
1323,2021-09-01,Otros delitos contra la sociedad,14.0
1324,2021-09-01,Otros delitos que atentan contra la libertad personal,594.0
1325,2021-09-01,Otros delitos que atentan contra la vida y la integridad corporal,227.0
1326,2021-09-01,Rapto,10.0
1327,2021-09-01,Secuestro,4.0
1328,2021-09-01,Tráfico de menores,0.0
1329,2021-09-01,Trata de personas,30.0
1330,2022-09-01,Corrupción de menores,191.0
1331,2022-09-01,Extorsión,28.0
1332,2022-09-01,Feminicidio,4.0
1333,2022-09-01,Homicidio culposo,115.0
1334,2022-09-01,Homicidio doloso,118.0
1335,2022-09-01,Lesiones culposas,592.0
1336,2022-09-01,Lesiones dolosas,1108.0
1337,2022-09-01,Otros delitos contra la sociedad,13.0
1338,2022-09-01,Otros delitos que atentan contra la libertad personal,696.0
1339,2022-09-01,Otros delitos que atentan contra la vida y la integridad corporal,210.0
1340,2022-09-01,Rapto,10.0
1341,2022-09-01,Secuestro,6.0
1342,2022-09-01,Tráfico de menores,0.0
1343,2022-09-01,Trata de personas,37.0
1344,2023-09-01,Corrupción de menores,216.0
1345,2023-09-01,Extorsión,17.0
1346,2023-09-01,Feminicidio,7.0
1347,2023-09-01,Homicidio culposo,83.0
1348,2023-09-01,Homicidio doloso,68.0
1349,2023-09-01,Lesiones culposas,637.0
1350,2023-09-01,Lesiones dolosas,1157.0
1351,2023-09-01,Otros delitos contra la sociedad,49.0
1352,2023-09-01,Otros delitos que atentan contra la libertad personal,804.0
1353,2023-09-01,Otros delitos que atentan contra la vida y la integridad corporal,225.0
1354,2023-09-01,Rapto,7.0
1355,2023-09-01,Secuestro,15.0
1356,2023-09-01,Tráfico de menores,0.0
1357,2023-09-01,Trata de personas,30.0
1358,2024-09-01,Corrupción de menores,233.0
1359,2024-09-01,Extorsión,17.0
1360,2024-09-01,Feminicidio,10.0
1361,2024-09-01,Homicidio culposo,90.0
1362,2024-09-01,Homicidio doloso,97.0
1363,2024-09-01,Lesiones culposas,560.0
1364,2024-09-01,Lesiones dolosas,1125.0
1365,2024-09-01,Otros delitos contra la sociedad,32.0
1366,2024-09-01,Otros delitos que atentan contra la libertad personal,715.0
1367,2024-09-01,Otros delitos que atentan contra la vida y la integridad corporal,238.0
1368,2024-09-01,Rapto,13.0
1369,2024-09-01,Secuestro,2.0
1370,2024-09-01,Tráfico de menores,0.0
1371,2024-09-01,Trata de personas,37.0
1372,2025-09-01,Corrupción de menores,257.0
1373,2025-09-01,Extorsión,21.0
1374,2025-09-01,Feminicidio,5.0
1375,2025-09-01,Homicidio culposo,85.0
1376,2025-09-01,Homicidio doloso,58.0
1377,2025-09-01,Lesiones culposas,659.0
1378,2025-09-01,Lesiones dolosas,1244.0
1379,2025-09-01,Otros delitos contra la sociedad,33.0
1380,2025-09-01,Otros delitos que atentan contra la libertad personal,802.0
1381,2025-09-01,Otros delitos que atentan contra la vida y la integridad corporal,252.0
1382,2025-09-01,Rapto,4.0
1383,2025-09-01,Secuestro,6.0
1384,2025-09-01,Tráfico de menores,0.0
1385,2025-09-01,Trata de personas,11.0
1386,2015-10-01,Corrupción de menores,158.0
1387,2015-10-01,Extorsión,9.0
1388,2015-10-01,Feminicidio,8.0
1389,2015-10-01,Homicidio culposo,129.0
1390,2015-10-01,Homicidio doloso,60.0
1391,2015-10-01,Lesiones culposas,557.0
1392,2015-10-01,Lesiones dolosas,1006.0
1393,2015-10-01,Otros delitos contra la sociedad,3.0
1394,2015-10-01,Otros delitos que atentan contra la libertad personal,281.0
1395,2015-10-01,Otros delitos que atentan contra la vida y la integridad corporal,32.0
1396,2015-10-01,Rapto,14.0
1397,2015-10-01,Secuestro,6.0
1398,2015-10-01,Tráfico de menores,8.0
1399,2015-10-01,Trata de personas,18.0
1400,2016-10-01,Corrupción de menores,145.0
1401,2016-10-01,Extorsión,3.0
1402,2016-10-01,Feminicidio,5.0
1403,2016-10-01,Homicidio culposo,157.0
1404,2016-10-01,Homicidio doloso,57.0
1405,2016-10-01,Lesiones culposas,408.0
1406,2016-10-01,Lesiones dolosas,844.0
1407,2016-10-01,Otros delitos contra la sociedad,3.0
1408,2016-10-01,Otros delitos que atentan contra la libertad personal,229.0
1409,2016-10-01,Otros delitos que atentan contra la vida y la integridad corporal,87.0
1410,2016-10-01,Rapto,10.0
1411,2016-10-01,Secuestro,16.0
1412,2016-10-01,Tráfico de menores,28.0
1413,2016-10-01,Trata de personas,13.0
1414,2017-10-01,Corrupción de menores,118.0
1415,2017-10-01,Extorsión,7.0
1416,2017-10-01,Feminicidio,9.0
1417,2017-10-01,Homicidio culposo,100.0
1418,2017-10-01,Homicidio doloso,100.0
1419,2017-10-01,Lesiones culposas,338.0
1420,2017-10-01,Lesiones dolosas,1122.0
1421,2017-10-01,Otros delitos contra la sociedad,3.0
1422,2017-10-01,Otros delitos que atentan contra la libertad personal,397.0
1423,2017-10-01,Otros delitos que atentan contra la vida y la integridad corporal,148.0
1424,2017-10-01,Rapto,15.0
1425,2017-10-01,Secuestro,17.0
1426,2017-10-01,Tráfico de menores,12.0
1427,2017-10-01,Trata de personas,13.0
1428,2018-10-01,Corrupción de menores,155.0
1429,2018-10-01,Extorsión,6.0
1430,2018-10-01,Feminicidio,9.0
1431,2018-10-01,Homicidio culposo,134.0
1432,2018-10-01,Homicidio doloso,72.0
1433,2018-10-01,Lesiones culposas,352.0
1434,2018-10-01,Lesiones dolosas,951.0
1435,2018-10-01,Otros delitos contra la sociedad,57.0
1436,2018-10-01,Otros delitos que atentan contra la libertad personal,420.0
1437,2018-10-01,Otros delitos que atentan contra la vida y la integridad corporal,90.0
1438,2018-10-01,Rapto,12.0
1439,2018-10-01,Secuestro,7.0
1440,2018-10-01,Tráfico de menores,2.0
1441,2018-10-01,Trata de personas,69.0
1442,2019-10-01,Corrupción de menores,145.0
1443,2019-10-01,Extorsión,11.0
1444,2019-10-01,Feminicidio,5.0
1445,2019-10-01,Homicidio culposo,99.0
1446,2019-10-01,Homicidio doloso,86.0
1447,2019-10-01,Lesiones culposas,359.0
1448,2019-10-01,Lesiones dolosas,1110.0
1449,2019-10-01,Otros delitos contra la sociedad,65.0
1450,2019-10-01,Otros delitos que atentan contra la libertad personal,432.0
1451,2019-10-01,Otros delitos que atentan contra la vida y la integridad corporal,132.0
1452,2019-10-01,Rapto,10.0
1453,2019-10-01,Secuestro,10.0
1454,2019-10-01,Tráfico de menores,1.0
1455,2019-10-01,Trata de personas,32.0
1456,2020-10-01,Corrupción de menores,185.0
1457,2020-10-01,Extorsión,16.0
1458,2020-10-01,Feminicidio,6.0
1459,2020-10-01,Homicidio culposo,107.0
1460,2020-10-01,Homicidio doloso,82.0
1461,2020-10-01,Lesiones culposas,387.0
1462,2020-10-01,Lesiones dolosas,750.0
1463,2020-10-01,Otros delitos contra la sociedad,52.0
1464,2020-10-01,Otros delitos que atentan contra la libertad personal,528.0
1465,2020-10-01,Otros delitos que atentan contra la vida y la integridad corporal,102.0
1466,2020-10-01,Rapto,16.0
1467,2020-10-01,Secuestro,6.0
1468,2020-10-01,Tráfico de menores,1.0
1469,2020-10-01,Trata de personas,22.0
1470,2021-10-01,Corrupción de menores,173.0
1471,2021-10-01,Extorsión,24.0
1472,2021-10-01,Feminicidio,14.0
1473,2021-10-01,Homicidio culposo,116.0
1474,2021-10-01,Homicidio doloso,95.0
1475,2021-10-01,Lesiones culposas,442.0
1476,2021-10-01,Lesiones dolosas,773.0
1477,2021-10-01,Otros delitos contra la sociedad,15.0
1478,2021-10-01,Otros delitos que atentan contra la libertad personal,540.0
1479,2021-10-01,Otros delitos que atentan contra la vida y la integridad corporal,208.0
1480,2021-10-01,Rapto,8.0
1481,2021-10-01,Secuestro,2.0
1482,2021-10-01,Tráfico de menores,1.0
1483,2021-10-01,Trata de personas,20.0
1484,2022-10-01,Corrupción de menores,227.0
1485,2022-10-01,Extorsión,26.0
1486,2022-10-01,Feminicidio,11.0
1487,2022-10-01,Homicidio culposo,109.0
1488,2022-10-01,Homicidio doloso,92.0
1489,2022-10-01,Lesiones culposas,589.0
1490,2022-10-01,Lesiones dolosas,1077.0
1491,2022-10-01,Otros delitos contra la sociedad,19.0
1492,2022-10-01,Otros delitos que atentan contra la libertad personal,562.0
1493,2022-10-01,Otros delitos que atentan contra la vida y la integridad corporal,184.0
1494,2022-10-01,Rapto,10.0
1495,2022-10-01,Secuestro,4.0
1496,2022-10-01,Tráfico de menores,0.0
1497,2022-10-01,Trata de personas,26.0
1498,2023-10-01,Corrupción de menores,175.0
1499,2023-10-01,Extorsión,28.0
1500,2023-10-01,Feminicidio,7.0
1501,2023-10-01,Homicidio culposo,121.0
1502,2023-10-01,Homicidio doloso,82.0
1503,2023-10-01,Lesiones culposas,620.0
1504,2023-10-01,Lesiones dolosas,1136.0
1505,2023-10-01,Otros delitos contra la sociedad,51.0
1506,2023-10-01,Otros delitos que atentan contra la libertad personal,767.0
1507,2023-10-01,Otros delitos que atentan contra la vida y la integridad corporal,213.0
1508,2023-10-01,Rapto,7.0
1509,2023-10-01,Secuestro,6.0
1510,2023-10-01,Tráfico de menores,0.0
1511,2023-10-01,Trata de personas,39.0
1512,2024-10-01,Corrupción de menores,244.0
1513,2024-10-01,Extorsión,41.0
1514,2024-10-01,Feminicidio,1.0
1515,2024-10-01,Homicidio culposo,144.0
1516,2024-10-01,Homicidio doloso,91.0
1517,2024-10-01,Lesiones culposas,598.0
1518,2024-10-01,Lesiones dolosas,1165.0
1519,2024-10-01,Otros delitos contra la sociedad,22.0
1520,2024-10-01,Otros delitos que atentan contra la libertad personal,645.0
1521,2024-10-01,Otros delitos que atentan contra la vida y la integridad corporal,241.0
1522,2024-10-01,Rapto,4.0
1523,2024-10-01,Secuestro,7.0
1524,2024-10-01,Tráfico de menores,0.0
1525,2024-10-01,Trata de personas,35.0
1526,2025-10-01,Corrupción de menores,303.0
1527,2025-10-01,Extorsión,17.0
1528,2025-10-01,Feminicidio,7.0
1529,2025-10-01,Homicidio culposo,122.0
1530,2025-10-01,Homicidio doloso,59.0
1531,2025-10-01,Lesiones culposas,661.0
1532,2025-10-01,Lesiones dolosas,1460.0
1533,2025-10-01,Otros delitos contra la sociedad,35.0
1534,2025-10-01,Otros delitos que atentan contra la libertad personal,702.0
1535,2025-10-01,Otros delitos que atentan contra la vida y la integridad corporal,252.0
1536,2025-10-01,Rapto,2.0
1537,2025-10-01,Secuestro,7.0
1538,2025-10-01,Tráfico de menores,0.0
1539,2025-10-01,Trata de personas,22.0
1540,2015-11-01,Corrupción de menores,90.0
1541,2015-11-01,Extorsión,10.0
1542,2015-11-01,Feminicidio,1.0
1543,2015-11-01,Homicidio culposo,141.0
1544,2015-11-01,Homicidio doloso,61.0
1545,2015-11-01,Lesiones culposas,501.0
1546,2015-11-01,Lesiones dolosas,951.0
1547,2015-11-01,Otros delitos contra la sociedad,8.0
1548,2015-11-01,Otros delitos que atentan contra la libertad personal,227.0
1549,2015-11-01,Otros delitos que atentan contra la vida y la integridad corporal,24.0
1550,2015-11-01,Rapto,17.0
1551,2015-11-01,Secuestro,14.0
1552,2015-11-01,Tráfico de menores,6.0
1553,2015-11-01,Trata de personas,11.0
1554,2016-11-01,Corrupción de menores,97.0
1555,2016-11-01,Extorsión,33.0
1556,2016-11-01,Feminicidio,5.0
1557,2016-11-01,Homicidio culposo,115.0
1558,2016-11-01,Homicidio doloso,74.0
1559,2016-11-01,Lesiones culposas,263.0
1560,2016-11-01,Lesiones dolosas,674.0
1561,2016-11-01,Otros delitos contra la sociedad,2.0
1562,2016-11-01,Otros delitos que atentan contra la libertad personal,341.0
1563,2016-11-01,Otros delitos que atentan contra la vida y la integridad corporal,54.0
1564,2016-11-01,Rapto,16.0
1565,2016-11-01,Secuestro,19.0
1566,2016-11-01,Tráfico de menores,16.0
1567,2016-11-01,Trata de personas,10.0
1568,2017-11-01,Corrupción de menores,78.0
1569,2017-11-01,Extorsión,5.0
1570,2017-11-01,Feminicidio,6.0
1571,2017-11-01,Homicidio culposo,191.0
1572,2017-11-01,Homicidio doloso,103.0
1573,2017-11-01,Lesiones culposas,325.0
1574,2017-11-01,Lesiones dolosas,1014.0
1575,2017-11-01,Otros delitos contra la sociedad,10.0
1576,2017-11-01,Otros delitos que atentan contra la libertad personal,324.0
1577,2017-11-01,Otros delitos que atentan contra la vida y la integridad corporal,111.0
1578,2017-11-01,Rapto,12.0
1579,2017-11-01,Secuestro,16.0
1580,2017-11-01,Tráfico de menores,14.0
1581,2017-11-01,Trata de personas,9.0
1582,2018-11-01,Corrupción de menores,111.0
1583,2018-11-01,Extorsión,7.0
1584,2018-11-01,Feminicidio,8.0
1585,2018-11-01,Homicidio culposo,139.0
1586,2018-11-01,Homicidio doloso,89.0
1587,2018-11-01,Lesiones culposas,328.0
1588,2018-11-01,Lesiones dolosas,738.0
1589,2018-11-01,Otros delitos contra la sociedad,50.0
1590,2018-11-01,Otros delitos que atentan contra la libertad personal,413.0
1591,2018-11-01,Otros delitos que atentan contra la vida y la integridad corporal,88.0
1592,2018-11-01,Rapto,7.0
1593,2018-11-01,Secuestro,10.0
1594,2018-11-01,Tráfico de menores,1.0
1595,2018-11-01,Trata de personas,10.0
1596,2019-11-01,Corrupción de menores,159.0
1597,2019-11-01,Extorsión,9.0
1598,2019-11-01,Feminicidio,7.0
1599,2019-11-01,Homicidio culposo,96.0
1600,2019-11-01,Homicidio doloso,121.0
1601,2019-11-01,Lesiones culposas,387.0
1602,2019-11-01,Lesiones dolosas,841.0
1603,2019-11-01,Otros delitos contra la sociedad,60.0
1604,2019-11-01,Otros delitos que atentan contra la libertad personal,442.0
1605,2019-11-01,Otros delitos que atentan contra la vida y la integridad corporal,186.0
1606,2019-11-01,Rapto,7.0
1607,2019-11-01,Secuestro,8.0
1608,2019-11-01,Tráfico de menores,5.0
1609,2019-11-01,Trata de personas,10.0
1610,2020-11-01,Corrupción de menores,128.0
1611,2020-11-01,Extorsión,26.0
1612,2020-11-01,Feminicidio,8.0
1613,2020-11-01,Homicidio culposo,130.0
1614,2020-11-01,Homicidio doloso,81.0
1615,2020-11-01,Lesiones culposas,320.0
1616,2020-11-01,Lesiones dolosas,705.0
1617,2020-11-01,Otros delitos contra la sociedad,40.0
1618,2020-11-01,Otros delitos que atentan contra la libertad personal,448.0
1619,2020-11-01,Otros delitos que atentan contra la vida y la integridad corporal,110.0
1620,2020-11-01,Rapto,6.0
1621,2020-11-01,Secuestro,5.0
1622,2020-11-01,Tráfico de menores,1.0
1623,2020-11-01,Trata de personas,19.0
1624,2021-11-01,Corrupción de menores,152.0
1625,2021-11-01,Extorsión,26.0
1626,2021-11-01,Feminicidio,6.0
1627,2021-11-01,Homicidio culposo,101.0
1628,2021-11-01,Homicidio doloso,99.0
1629,2021-11-01,Lesiones culposas,444.0
1630,2021-11-01,Lesiones dolosas,813.0
1631,2021-11-01,Otros delitos contra la sociedad,14.0
1632,2021-11-01,Otros delitos que atentan contra la libertad personal,509.0
1633,2021-11-01,Otros delitos que atentan contra la vida y la integridad corporal,189.0
1634,2021-11-01,Rapto,6.0
1635,2021-11-01,Secuestro,7.0
1636,2021-11-01,Tráfico de menores,2.0
1637,2021-11-01,Trata de personas,32.0
1638,2022-11-01,Corrupción de menores,236.0
1639,2022-11-01,Extorsión,22.0
1640,2022-11-01,Feminicidio,4.0
1641,2022-11-01,Homicidio culposo,116.0
1642,2022-11-01,Homicidio doloso,86.0
1643,2022-11-01,Lesiones culposas,520.0
1644,2022-11-01,Lesiones dolosas,951.0
1645,2022-11-01,Otros delitos contra la sociedad,34.0
1646,2022-11-01,Otros delitos que atentan contra la libertad personal,617.0
1647,2022-11-01,Otros delitos que atentan contra la vida y la integridad corporal,176.0
1648,2022-11-01,Rapto,4.0
1649,2022-11-01,Secuestro,5.0
1650,2022-11-01,Tráfico de menores,1.0
1651,2022-11-01,Trata de personas,23.0
1652,2023-11-01,Corrupción de menores,204.0
1653,2023-11-01,Extorsión,21.0
1654,2023-11-01,Feminicidio,8.0
1655,2023-11-01,Homicidio culposo,89.0
1656,2023-11-01,Homicidio doloso,63.0
1657,2023-11-01,Lesiones culposas,620.0
1658,2023-11-01,Lesiones dolosas,1023.0
1659,2023-11-01,Otros delitos contra la sociedad,35.0
1660,2023-11-01,Otros delitos que atentan contra la libertad personal,744.0
1661,2023-11-01,Otros delitos que atentan contra la vida y la integridad corporal,226.0
1662,2023-11-01,Rapto,4.0
1663,2023-11-01,Secuestro,7.0
1664,2023-11-01,Tráfico de menores,0.0
1665,2023-11-01,Trata de personas,11.0
1666,2024-11-01,Corrupción de menores,224.0
1667,2024-11-01,Extorsión,20.0
1668,2024-11-01,Feminicidio,6.0
1669,2024-11-01,Homicidio culposo,126.0
1670,2024-11-01,Homicidio doloso,82.0
1671,2024-11-01,Lesiones culposas,633.0
1672,2024-11-01,Lesiones dolosas,1109.0
1673,2024-11-01,Otros delitos contra la sociedad,20.0
1674,2024-11-01,Otros delitos que atentan contra la libertad personal,651.0
1675,2024-11-01,Otros delitos que atentan contra la vida y la integridad corporal,199.0
1676,2024-11-01,Rapto,7.0
1677,2024-11-01,Secuestro,18.0
1678,2024-11-01,Tráfico de menores,5.0
1679,2024-11-01,Trata de personas,23.0
1694,2015-12-01,Corrupción de menores,87.0
1695,2015-12-01,Extorsión,11.0
1696,2015-12-01,Feminicidio,3.0
1697,2015-12-01,Homicidio culposo,107.0
1698,2015-12-01,Homicidio doloso,71.0
1699,2015-12-01,Lesiones culposas,521.0
1700,2015-12-01,Lesiones dolosas,829.0
1701,2015-12-01,Otros delitos contra la sociedad,5.0
1702,2015-12-01,Otros delitos que atentan contra la libertad personal,245.0
1703,2015-12-01,Otros delitos que atentan contra la vida y la integridad corporal,17.0
1704,2015-12-01,Rapto,21.0
1705,2015-12-01,Secuestro,19.0
1706,2015-12-01,Tráfico de menores,1.0
1707,2015-12-01,Trata de personas,10.0
1708,2016-12-01,Corrupción de menores,97.0
1709,2016-12-01,Extorsión,12.0
1710,2016-12-01,Feminicidio,3.0
1711,2016-12-01,Homicidio culposo,198.0
1712,2016-12-01,Homicidio doloso,68.0
1713,2016-12-01,Lesiones culposas,333.0
1714,2016-12-01,Lesiones dolosas,627.0
1715,2016-12-01,Otros delitos contra la sociedad,2.0
1716,2016-12-01,Otros delitos que atentan contra la libertad personal,319.0
1717,2016-12-01,Otros delitos que atentan contra la vida y la integridad corporal,58.0
1718,2016-12-01,Rapto,22.0
1719,2016-12-01,Secuestro,14.0
1720,2016-12-01,Tráfico de menores,6.0
1721,2016-12-01,Trata de personas,4.0
1722,2017-12-01,Corrupción de menores,75.0
1723,2017-12-01,Extorsión,4.0
1724,2017-12-01,Feminicidio,6.0
1725,2017-12-01,Homicidio culposo,141.0
1726,2017-12-01,Homicidio doloso,112.0
1727,2017-12-01,Lesiones culposas,269.0
1728,2017-12-01,Lesiones dolosas,788.0
1729,2017-12-01,Otros delitos contra la sociedad,5.0
1730,2017-12-01,Otros delitos que atentan contra la libertad personal,281.0
1731,2017-12-01,Otros delitos que atentan contra la vida y la integridad corporal,78.0
1732,2017-12-01,Rapto,13.0
1733,2017-12-01,Secuestro,23.0
1734,2017-12-01,Tráfico de menores,5.0
1735,2017-12-01,Trata de personas,7.0
1736,2018-12-01,Corrupción de menores,86.0
1737,2018-12-01,Extorsión,4.0
1738,2018-12-01,Feminicidio,8.0
1739,2018-12-01,Homicidio culposo,136.0
1740,2018-12-01,Homicidio doloso,75.0
1741,2018-12-01,Lesiones culposas,297.0
1742,2018-12-01,Lesiones dolosas,693.0
1743,2018-12-01,Otros delitos contra la sociedad,29.0
1744,2018-12-01,Otros delitos que atentan contra la libertad personal,344.0
1745,2018-12-01,Otros delitos que atentan contra la vida y la integridad corporal,72.0
1746,2018-12-01,Rapto,5.0
1747,2018-12-01,Secuestro,26.0
1748,2018-12-01,Tráfico de menores,0.0
1749,2018-12-01,Trata de personas,27.0
1750,2019-12-01,Corrupción de menores,109.0
1751,2019-12-01,Extorsión,11.0
1752,2019-12-01,Feminicidio,9.0
1753,2019-12-01,Homicidio culposo,118.0
1754,2019-12-01,Homicidio doloso,62.0
1755,2019-12-01,Lesiones culposas,318.0
1756,2019-12-01,Lesiones dolosas,659.0
1757,2019-12-01,Otros delitos contra la sociedad,39.0
1758,2019-12-01,Otros delitos que atentan contra la libertad personal,344.0
1759,2019-12-01,Otros delitos que atentan contra la vida y la integridad corporal,114.0
1760,2019-12-01,Rapto,7.0
1761,2019-12-01,Secuestro,9.0
1762,2019-12-01,Tráfico de menores,0.0
1763,2019-12-01,Trata de personas,20.0
1764,2020-12-01,Corrupción de menores,120.0
1765,2020-12-01,Extorsión,17.0
1766,2020-12-01,Feminicidio,10.0
1767,2020-12-01,Homicidio culposo,134.0
1768,2020-12-01,Homicidio doloso,86.0
1769,2020-12-01,Lesiones culposas,331.0
1770,2020-12-01,Lesiones dolosas,623.0
1771,2020-12-01,Otros delitos contra la sociedad,16.0
1772,2020-12-01,Otros delitos que atentan contra la libertad personal,418.0
1773,2020-12-01,Otros delitos que atentan contra la vida y la integridad corporal,120.0
1774,2020-12-01,Rapto,12.0
1775,2020-12-01,Secuestro,3.0
1776,2020-12-01,Tráfico de menores,0.0
1777,2020-12-01,Trata de personas,18.0
1778,2021-12-01,Corrupción de menores,138.0
1779,2021-12-01,Extorsión,15.0
1780,2021-12-01,Feminicidio,11.0
1781,2021-12-01,Homicidio culposo,125.0
1782,2021-12-01,Homicidio doloso,85.0
1783,2021-12-01,Lesiones culposas,476.0
1784,2021-12-01,Lesiones dolosas,803.0
1785,2021-12-01,Otros delitos contra la sociedad,15.0
1786,2021-12-01,Otros delitos que atentan contra la libertad personal,544.0
1787,2021-12-01,Otros delitos que atentan contra la vida y la integridad corporal,188.0
1788,2021-12-01,Rapto,4.0
1789,2021-12-01,Secuestro,2.0
1790,2021-12-01,Tráfico de menores,0.0
1791,2021-12-01,Trata de personas,27.0
1792,2022-12-01,Corrupción de menores,171.0
1793,2022-12-01,Extorsión,20.0
1794,2022-12-01,Feminicidio,3.0
1795,2022-12-01,Homicidio culposo,134.0
1796,2022-12-01,Homicidio doloso,86.0
1797,2022-12-01,Lesiones culposas,491.0
1798,2022-12-01,Lesiones dolosas,830.0
1799,2022-12-01,Otros delitos contra la sociedad,18.0
1800,2022-12-01,Otros delitos que atentan contra la libertad personal,560.0
1801,2022-12-01,Otros delitos que atentan contra la vida y la integridad corporal,195.0
1802,2022-12-01,Rapto,9.0
1803,2022-12-01,Secuestro,2.0
1804,2022-12-01,Tráfico de menores,0.0
1805,2022-12-01,Trata de personas,26.0
1806,2023-12-01,Corrupción de menores,139.0
1807,2023-12-01,Extorsión,21.0
1808,2023-12-01,Feminicidio,7.0
1809,2023-12-01,Homicidio culposo,129.0
1810,2023-12-01,Homicidio doloso,78.0
1811,2023-12-01,Lesiones culposas,620.0
1812,2023-12-01,Lesiones dolosas,881.0
1813,2023-12-01,Otros delitos contra la sociedad,23.0
1814,2023-12-01,Otros delitos que atentan contra la libertad personal,605.0
1815,2023-12-01,Otros delitos que atentan contra la vida y la integridad corporal,179.0
1816,2023-12-01,Rapto,5.0
1817,2023-12-01,Secuestro,26.0
1818,2023-12-01,Tráfico de menores,0.0
1819,2023-12-01,Trata de personas,17.0
1820,2024-12-01,Corrupción de menores,136.0
1821,2024-12-01,Extorsión,18.0
1822,2024-12-01,Feminicidio,6.0
1823,2024-12-01,Homicidio culposo,161.0
1824,2024-12-01,Homicidio doloso,65.0
1825,2024-12-01,Lesiones culposas,544.0
1826,2024-12-01,Lesiones dolosas,952.0
1827,2024-12-01,Otros delitos contra la sociedad,20.0
1828,2024-12-01,Otros delitos que atentan contra la libertad personal,607.0
1829,2024-12-01,Otros delitos que atentan contra la vida y la integridad corporal,173.0
1830,2024-12-01,Rapto,2.0
1831,2024-12-01,Secuestro,6.0
1832,2024-12-01,Tráfico de menores,0.0
1833,2024-12-01,Trata de personas,20.0
